"week_date","ageGroup6","counts","year","month","yearMonth","vacc","ageGroup3"
2017-07-03,"45-64",1,2017,7,2017-07-01,"PCV13","2-64"
2017-07-03,"65+",2,2017,7,2017-07-01,"PCV13","65+"
2017-07-10,"15-44",1,2017,7,2017-07-01,"PCV13","2-64"
2017-07-10,"45-64",1,2017,7,2017-07-01,"PCV13","2-64"
2017-07-17,"45-64",1,2017,7,2017-07-01,"PCV13","2-64"
2017-07-31,"15-44",1,2017,7,2017-07-01,"PCV13","2-64"
2017-08-07,"15-44",1,2017,8,2017-08-01,"PCV13","2-64"
2017-08-07,"45-64",1,2017,8,2017-08-01,"PCV13","2-64"
2017-08-07,"65+",2,2017,8,2017-08-01,"PCV13","65+"
2017-08-14,"15-44",1,2017,8,2017-08-01,"PCV13","2-64"
2017-08-14,"65+",2,2017,8,2017-08-01,"PCV13","65+"
2017-08-21,"65+",1,2017,8,2017-08-01,"PCV13","65+"
2017-08-21,"<2",1,2017,8,2017-08-01,"PCV13","<2"
2017-08-28,"15-44",1,2017,8,2017-08-01,"PCV13","2-64"
2017-08-28,"45-64",1,2017,8,2017-08-01,"PCV13","2-64"
2017-08-28,"65+",5,2017,8,2017-08-01,"PCV13","65+"
2017-09-11,"15-44",2,2017,9,2017-09-01,"PCV13","2-64"
2017-09-11,"45-64",1,2017,9,2017-09-01,"PCV13","2-64"
2017-09-11,"65+",2,2017,9,2017-09-01,"PCV13","65+"
2017-09-18,"45-64",1,2017,9,2017-09-01,"PCV13","2-64"
2017-09-18,"65+",1,2017,9,2017-09-01,"PCV13","65+"
2017-09-25,"15-44",1,2017,9,2017-09-01,"PCV13","2-64"
2017-09-25,"45-64",2,2017,9,2017-09-01,"PCV13","2-64"
2017-09-25,"65+",4,2017,9,2017-09-01,"PCV13","65+"
2017-09-25,"<2",2,2017,9,2017-09-01,"PCV13","<2"
2017-10-02,"15-44",2,2017,10,2017-10-01,"PCV13","2-64"
2017-10-02,"65+",5,2017,10,2017-10-01,"PCV13","65+"
2017-10-02,"<2",1,2017,10,2017-10-01,"PCV13","<2"
2017-10-09,"15-44",5,2017,10,2017-10-01,"PCV13","2-64"
2017-10-09,"2-4",2,2017,10,2017-10-01,"PCV13","2-64"
2017-10-09,"45-64",2,2017,10,2017-10-01,"PCV13","2-64"
2017-10-09,"5-14",1,2017,10,2017-10-01,"PCV13","2-64"
2017-10-09,"65+",2,2017,10,2017-10-01,"PCV13","65+"
2017-10-09,"<2",1,2017,10,2017-10-01,"PCV13","<2"
2017-10-16,"15-44",1,2017,10,2017-10-01,"PCV13","2-64"
2017-10-16,"45-64",5,2017,10,2017-10-01,"PCV13","2-64"
2017-10-16,"65+",2,2017,10,2017-10-01,"PCV13","65+"
2017-10-23,"15-44",2,2017,10,2017-10-01,"PCV13","2-64"
2017-10-23,"45-64",3,2017,10,2017-10-01,"PCV13","2-64"
2017-10-23,"65+",4,2017,10,2017-10-01,"PCV13","65+"
2017-10-30,"15-44",3,2017,10,2017-10-01,"PCV13","2-64"
2017-10-30,"45-64",5,2017,10,2017-10-01,"PCV13","2-64"
2017-10-30,"65+",1,2017,10,2017-10-01,"PCV13","65+"
2017-11-06,"15-44",5,2017,11,2017-11-01,"PCV13","2-64"
2017-11-06,"45-64",1,2017,11,2017-11-01,"PCV13","2-64"
2017-11-06,"65+",4,2017,11,2017-11-01,"PCV13","65+"
2017-11-06,"<2",1,2017,11,2017-11-01,"PCV13","<2"
2017-11-13,"15-44",3,2017,11,2017-11-01,"PCV13","2-64"
2017-11-13,"2-4",1,2017,11,2017-11-01,"PCV13","2-64"
2017-11-13,"45-64",6,2017,11,2017-11-01,"PCV13","2-64"
2017-11-13,"65+",6,2017,11,2017-11-01,"PCV13","65+"
2017-11-20,"45-64",6,2017,11,2017-11-01,"PCV13","2-64"
2017-11-20,"65+",9,2017,11,2017-11-01,"PCV13","65+"
2017-11-27,"15-44",5,2017,11,2017-11-01,"PCV13","2-64"
2017-11-27,"45-64",4,2017,11,2017-11-01,"PCV13","2-64"
2017-11-27,"65+",5,2017,11,2017-11-01,"PCV13","65+"
2017-11-27,"<2",1,2017,11,2017-11-01,"PCV13","<2"
2017-12-04,"15-44",8,2017,12,2017-12-01,"PCV13","2-64"
2017-12-04,"45-64",2,2017,12,2017-12-01,"PCV13","2-64"
2017-12-04,"65+",5,2017,12,2017-12-01,"PCV13","65+"
2017-12-11,"15-44",3,2017,12,2017-12-01,"PCV13","2-64"
2017-12-11,"45-64",2,2017,12,2017-12-01,"PCV13","2-64"
2017-12-11,"65+",10,2017,12,2017-12-01,"PCV13","65+"
2017-12-18,"15-44",3,2017,12,2017-12-01,"PCV13","2-64"
2017-12-18,"45-64",3,2017,12,2017-12-01,"PCV13","2-64"
2017-12-18,"5-14",1,2017,12,2017-12-01,"PCV13","2-64"
2017-12-18,"65+",9,2017,12,2017-12-01,"PCV13","65+"
2017-12-25,"15-44",7,2017,12,2017-12-01,"PCV13","2-64"
2017-12-25,"45-64",15,2017,12,2017-12-01,"PCV13","2-64"
2017-12-25,"65+",13,2017,12,2017-12-01,"PCV13","65+"
2018-01-01,"15-44",7,2018,1,2018-01-01,"PCV13","2-64"
2018-01-01,"45-64",11,2018,1,2018-01-01,"PCV13","2-64"
2018-01-01,"65+",17,2018,1,2018-01-01,"PCV13","65+"
2018-01-01,"<2",2,2018,1,2018-01-01,"PCV13","<2"
2018-01-08,"15-44",4,2018,1,2018-01-01,"PCV13","2-64"
2018-01-08,"45-64",5,2018,1,2018-01-01,"PCV13","2-64"
2018-01-08,"65+",9,2018,1,2018-01-01,"PCV13","65+"
2018-01-15,"45-64",1,2018,1,2018-01-01,"PCV13","2-64"
2018-01-15,"65+",1,2018,1,2018-01-01,"PCV13","65+"
2018-01-22,"45-64",2,2018,1,2018-01-01,"PCV13","2-64"
2018-01-22,"65+",3,2018,1,2018-01-01,"PCV13","65+"
2018-01-29,"15-44",3,2018,1,2018-01-01,"PCV13","2-64"
2018-01-29,"45-64",4,2018,1,2018-01-01,"PCV13","2-64"
2018-01-29,"65+",6,2018,1,2018-01-01,"PCV13","65+"
2018-02-05,"15-44",4,2018,2,2018-02-01,"PCV13","2-64"
2018-02-05,"45-64",6,2018,2,2018-02-01,"PCV13","2-64"
2018-02-05,"5-14",1,2018,2,2018-02-01,"PCV13","2-64"
2018-02-05,"65+",7,2018,2,2018-02-01,"PCV13","65+"
2018-02-05,"<2",1,2018,2,2018-02-01,"PCV13","<2"
2018-02-12,"15-44",5,2018,2,2018-02-01,"PCV13","2-64"
2018-02-12,"45-64",2,2018,2,2018-02-01,"PCV13","2-64"
2018-02-12,"65+",3,2018,2,2018-02-01,"PCV13","65+"
2018-02-12,"<2",2,2018,2,2018-02-01,"PCV13","<2"
2018-02-19,"15-44",6,2018,2,2018-02-01,"PCV13","2-64"
2018-02-19,"45-64",7,2018,2,2018-02-01,"PCV13","2-64"
2018-02-19,"65+",7,2018,2,2018-02-01,"PCV13","65+"
2018-02-19,"<2",1,2018,2,2018-02-01,"PCV13","<2"
2018-02-26,"15-44",2,2018,2,2018-02-01,"PCV13","2-64"
2018-02-26,"45-64",1,2018,2,2018-02-01,"PCV13","2-64"
2018-02-26,"65+",5,2018,2,2018-02-01,"PCV13","65+"
2018-02-26,"<2",1,2018,2,2018-02-01,"PCV13","<2"
2018-03-05,"15-44",2,2018,3,2018-03-01,"PCV13","2-64"
2018-03-05,"45-64",5,2018,3,2018-03-01,"PCV13","2-64"
2018-03-05,"65+",7,2018,3,2018-03-01,"PCV13","65+"
2018-03-12,"15-44",2,2018,3,2018-03-01,"PCV13","2-64"
2018-03-12,"45-64",3,2018,3,2018-03-01,"PCV13","2-64"
2018-03-12,"5-14",1,2018,3,2018-03-01,"PCV13","2-64"
2018-03-12,"65+",3,2018,3,2018-03-01,"PCV13","65+"
2018-03-19,"15-44",3,2018,3,2018-03-01,"PCV13","2-64"
2018-03-19,"2-4",1,2018,3,2018-03-01,"PCV13","2-64"
2018-03-19,"45-64",7,2018,3,2018-03-01,"PCV13","2-64"
2018-03-19,"65+",3,2018,3,2018-03-01,"PCV13","65+"
2018-03-19,"<2",1,2018,3,2018-03-01,"PCV13","<2"
2018-03-26,"15-44",3,2018,3,2018-03-01,"PCV13","2-64"
2018-03-26,"2-4",1,2018,3,2018-03-01,"PCV13","2-64"
2018-03-26,"45-64",3,2018,3,2018-03-01,"PCV13","2-64"
2018-03-26,"5-14",1,2018,3,2018-03-01,"PCV13","2-64"
2018-03-26,"65+",7,2018,3,2018-03-01,"PCV13","65+"
2018-03-26,"<2",1,2018,3,2018-03-01,"PCV13","<2"
2018-04-02,"15-44",4,2018,4,2018-04-01,"PCV13","2-64"
2018-04-02,"45-64",9,2018,4,2018-04-01,"PCV13","2-64"
2018-04-02,"65+",10,2018,4,2018-04-01,"PCV13","65+"
2018-04-02,"<2",3,2018,4,2018-04-01,"PCV13","<2"
2018-04-09,"45-64",2,2018,4,2018-04-01,"PCV13","2-64"
2018-04-09,"65+",1,2018,4,2018-04-01,"PCV13","65+"
2018-04-09,"<2",1,2018,4,2018-04-01,"PCV13","<2"
2018-04-16,"15-44",4,2018,4,2018-04-01,"PCV13","2-64"
2018-04-16,"45-64",3,2018,4,2018-04-01,"PCV13","2-64"
2018-04-16,"65+",3,2018,4,2018-04-01,"PCV13","65+"
2018-04-23,"45-64",1,2018,4,2018-04-01,"PCV13","2-64"
2018-04-23,"65+",5,2018,4,2018-04-01,"PCV13","65+"
2018-04-23,"<2",1,2018,4,2018-04-01,"PCV13","<2"
2018-04-30,"15-44",3,2018,4,2018-04-01,"PCV13","2-64"
2018-04-30,"45-64",2,2018,4,2018-04-01,"PCV13","2-64"
2018-04-30,"65+",3,2018,4,2018-04-01,"PCV13","65+"
2018-05-07,"15-44",1,2018,5,2018-05-01,"PCV13","2-64"
2018-05-07,"45-64",4,2018,5,2018-05-01,"PCV13","2-64"
2018-05-07,"5-14",1,2018,5,2018-05-01,"PCV13","2-64"
2018-05-07,"65+",2,2018,5,2018-05-01,"PCV13","65+"
2018-05-14,"15-44",5,2018,5,2018-05-01,"PCV13","2-64"
2018-05-14,"2-4",1,2018,5,2018-05-01,"PCV13","2-64"
2018-05-14,"45-64",2,2018,5,2018-05-01,"PCV13","2-64"
2018-05-14,"65+",3,2018,5,2018-05-01,"PCV13","65+"
2018-05-21,"15-44",5,2018,5,2018-05-01,"PCV13","2-64"
2018-05-21,"2-4",3,2018,5,2018-05-01,"PCV13","2-64"
2018-05-21,"45-64",4,2018,5,2018-05-01,"PCV13","2-64"
2018-05-21,"65+",3,2018,5,2018-05-01,"PCV13","65+"
2018-05-28,"15-44",2,2018,5,2018-05-01,"PCV13","2-64"
2018-05-28,"45-64",5,2018,5,2018-05-01,"PCV13","2-64"
2018-05-28,"65+",1,2018,5,2018-05-01,"PCV13","65+"
2018-06-04,"15-44",1,2018,6,2018-06-01,"PCV13","2-64"
2018-06-04,"45-64",5,2018,6,2018-06-01,"PCV13","2-64"
2018-06-04,"65+",2,2018,6,2018-06-01,"PCV13","65+"
2018-06-04,"<2",1,2018,6,2018-06-01,"PCV13","<2"
2018-06-11,"15-44",1,2018,6,2018-06-01,"PCV13","2-64"
2018-06-11,"45-64",5,2018,6,2018-06-01,"PCV13","2-64"
2018-06-11,"65+",1,2018,6,2018-06-01,"PCV13","65+"
2018-06-18,"45-64",3,2018,6,2018-06-01,"PCV13","2-64"
2018-06-18,"65+",4,2018,6,2018-06-01,"PCV13","65+"
2018-06-25,"15-44",1,2018,6,2018-06-01,"PCV13","2-64"
2018-06-25,"45-64",4,2018,6,2018-06-01,"PCV13","2-64"
2018-06-25,"65+",2,2018,6,2018-06-01,"PCV13","65+"
2018-07-02,"15-44",2,2018,7,2018-07-01,"PCV13","2-64"
2018-07-02,"45-64",2,2018,7,2018-07-01,"PCV13","2-64"
2018-07-02,"65+",1,2018,7,2018-07-01,"PCV13","65+"
2018-07-09,"15-44",1,2018,7,2018-07-01,"PCV13","2-64"
2018-07-09,"45-64",1,2018,7,2018-07-01,"PCV13","2-64"
2018-07-09,"65+",1,2018,7,2018-07-01,"PCV13","65+"
2018-07-16,"15-44",2,2018,7,2018-07-01,"PCV13","2-64"
2018-07-16,"45-64",3,2018,7,2018-07-01,"PCV13","2-64"
2018-07-16,"65+",1,2018,7,2018-07-01,"PCV13","65+"
2018-07-23,"15-44",1,2018,7,2018-07-01,"PCV13","2-64"
2018-07-23,"45-64",2,2018,7,2018-07-01,"PCV13","2-64"
2018-07-23,"<2",1,2018,7,2018-07-01,"PCV13","<2"
2018-07-30,"45-64",2,2018,7,2018-07-01,"PCV13","2-64"
2018-07-30,"<2",1,2018,7,2018-07-01,"PCV13","<2"
2018-08-06,"45-64",1,2018,8,2018-08-01,"PCV13","2-64"
2018-08-13,"15-44",1,2018,8,2018-08-01,"PCV13","2-64"
2018-08-13,"45-64",1,2018,8,2018-08-01,"PCV13","2-64"
2018-08-13,"65+",1,2018,8,2018-08-01,"PCV13","65+"
2018-08-20,"65+",1,2018,8,2018-08-01,"PCV13","65+"
2018-08-20,"<2",2,2018,8,2018-08-01,"PCV13","<2"
2018-08-27,"45-64",2,2018,8,2018-08-01,"PCV13","2-64"
2018-08-27,"65+",1,2018,8,2018-08-01,"PCV13","65+"
2018-09-03,"15-44",2,2018,9,2018-09-01,"PCV13","2-64"
2018-09-03,"45-64",1,2018,9,2018-09-01,"PCV13","2-64"
2018-09-03,"65+",1,2018,9,2018-09-01,"PCV13","65+"
2018-09-10,"15-44",2,2018,9,2018-09-01,"PCV13","2-64"
2018-09-10,"65+",1,2018,9,2018-09-01,"PCV13","65+"
2018-09-10,"<2",1,2018,9,2018-09-01,"PCV13","<2"
2018-09-17,"45-64",2,2018,9,2018-09-01,"PCV13","2-64"
2018-09-17,"65+",3,2018,9,2018-09-01,"PCV13","65+"
2018-09-24,"15-44",3,2018,9,2018-09-01,"PCV13","2-64"
2018-09-24,"2-4",1,2018,9,2018-09-01,"PCV13","2-64"
2018-09-24,"65+",1,2018,9,2018-09-01,"PCV13","65+"
2018-09-24,"<2",1,2018,9,2018-09-01,"PCV13","<2"
2018-10-01,"15-44",1,2018,10,2018-10-01,"PCV13","2-64"
2018-10-01,"45-64",4,2018,10,2018-10-01,"PCV13","2-64"
2018-10-01,"65+",3,2018,10,2018-10-01,"PCV13","65+"
2018-10-08,"15-44",1,2018,10,2018-10-01,"PCV13","2-64"
2018-10-08,"45-64",3,2018,10,2018-10-01,"PCV13","2-64"
2018-10-15,"15-44",2,2018,10,2018-10-01,"PCV13","2-64"
2018-10-15,"45-64",1,2018,10,2018-10-01,"PCV13","2-64"
2018-10-15,"65+",2,2018,10,2018-10-01,"PCV13","65+"
2018-10-22,"45-64",2,2018,10,2018-10-01,"PCV13","2-64"
2018-10-22,"65+",2,2018,10,2018-10-01,"PCV13","65+"
2018-10-29,"15-44",1,2018,10,2018-10-01,"PCV13","2-64"
2018-10-29,"45-64",4,2018,10,2018-10-01,"PCV13","2-64"
2018-10-29,"65+",3,2018,10,2018-10-01,"PCV13","65+"
2018-11-05,"15-44",4,2018,11,2018-11-01,"PCV13","2-64"
2018-11-05,"2-4",1,2018,11,2018-11-01,"PCV13","2-64"
2018-11-05,"45-64",2,2018,11,2018-11-01,"PCV13","2-64"
2018-11-05,"65+",7,2018,11,2018-11-01,"PCV13","65+"
2018-11-12,"45-64",2,2018,11,2018-11-01,"PCV13","2-64"
2018-11-12,"5-14",1,2018,11,2018-11-01,"PCV13","2-64"
2018-11-12,"65+",4,2018,11,2018-11-01,"PCV13","65+"
2018-11-12,"<2",1,2018,11,2018-11-01,"PCV13","<2"
2018-11-19,"15-44",2,2018,11,2018-11-01,"PCV13","2-64"
2018-11-19,"45-64",2,2018,11,2018-11-01,"PCV13","2-64"
2018-11-19,"65+",1,2018,11,2018-11-01,"PCV13","65+"
2018-11-19,"<2",3,2018,11,2018-11-01,"PCV13","<2"
2018-11-26,"15-44",1,2018,11,2018-11-01,"PCV13","2-64"
2018-11-26,"2-4",1,2018,11,2018-11-01,"PCV13","2-64"
2018-11-26,"45-64",2,2018,11,2018-11-01,"PCV13","2-64"
2018-11-26,"65+",3,2018,11,2018-11-01,"PCV13","65+"
2018-12-03,"15-44",2,2018,12,2018-12-01,"PCV13","2-64"
2018-12-03,"2-4",1,2018,12,2018-12-01,"PCV13","2-64"
2018-12-03,"65+",3,2018,12,2018-12-01,"PCV13","65+"
2018-12-10,"15-44",3,2018,12,2018-12-01,"PCV13","2-64"
2018-12-10,"45-64",3,2018,12,2018-12-01,"PCV13","2-64"
2018-12-10,"65+",7,2018,12,2018-12-01,"PCV13","65+"
2018-12-17,"45-64",10,2018,12,2018-12-01,"PCV13","2-64"
2018-12-17,"65+",8,2018,12,2018-12-01,"PCV13","65+"
2018-12-24,"15-44",5,2018,12,2018-12-01,"PCV13","2-64"
2018-12-24,"45-64",5,2018,12,2018-12-01,"PCV13","2-64"
2018-12-24,"65+",15,2018,12,2018-12-01,"PCV13","65+"
2018-12-31,"15-44",3,2018,12,2018-12-01,"PCV13","2-64"
2018-12-31,"45-64",4,2018,12,2018-12-01,"PCV13","2-64"
2018-12-31,"65+",8,2018,12,2018-12-01,"PCV13","65+"
2018-12-31,"<2",1,2018,12,2018-12-01,"PCV13","<2"
2019-01-07,"15-44",4,2019,1,2019-01-01,"PCV13","2-64"
2019-01-07,"45-64",3,2019,1,2019-01-01,"PCV13","2-64"
2019-01-07,"65+",3,2019,1,2019-01-01,"PCV13","65+"
2019-01-07,"<2",1,2019,1,2019-01-01,"PCV13","<2"
2019-01-14,"15-44",3,2019,1,2019-01-01,"PCV13","2-64"
2019-01-14,"45-64",2,2019,1,2019-01-01,"PCV13","2-64"
2019-01-14,"65+",2,2019,1,2019-01-01,"PCV13","65+"
2019-01-21,"15-44",2,2019,1,2019-01-01,"PCV13","2-64"
2019-01-21,"45-64",1,2019,1,2019-01-01,"PCV13","2-64"
2019-01-21,"65+",5,2019,1,2019-01-01,"PCV13","65+"
2019-01-28,"15-44",2,2019,1,2019-01-01,"PCV13","2-64"
2019-01-28,"45-64",3,2019,1,2019-01-01,"PCV13","2-64"
2019-02-04,"15-44",2,2019,2,2019-02-01,"PCV13","2-64"
2019-02-04,"45-64",5,2019,2,2019-02-01,"PCV13","2-64"
2019-02-04,"5-14",1,2019,2,2019-02-01,"PCV13","2-64"
2019-02-04,"65+",3,2019,2,2019-02-01,"PCV13","65+"
2019-02-04,"<2",1,2019,2,2019-02-01,"PCV13","<2"
2019-02-11,"15-44",6,2019,2,2019-02-01,"PCV13","2-64"
2019-02-11,"45-64",6,2019,2,2019-02-01,"PCV13","2-64"
2019-02-11,"65+",8,2019,2,2019-02-01,"PCV13","65+"
2019-02-11,"<2",3,2019,2,2019-02-01,"PCV13","<2"
2019-02-18,"15-44",3,2019,2,2019-02-01,"PCV13","2-64"
2019-02-18,"45-64",6,2019,2,2019-02-01,"PCV13","2-64"
2019-02-18,"65+",9,2019,2,2019-02-01,"PCV13","65+"
2019-02-25,"15-44",1,2019,2,2019-02-01,"PCV13","2-64"
2019-02-25,"45-64",6,2019,2,2019-02-01,"PCV13","2-64"
2019-02-25,"65+",4,2019,2,2019-02-01,"PCV13","65+"
2019-03-04,"2-4",1,2019,3,2019-03-01,"PCV13","2-64"
2019-03-04,"45-64",2,2019,3,2019-03-01,"PCV13","2-64"
2019-03-04,"65+",3,2019,3,2019-03-01,"PCV13","65+"
2019-03-11,"15-44",2,2019,3,2019-03-01,"PCV13","2-64"
2019-03-11,"65+",2,2019,3,2019-03-01,"PCV13","65+"
2019-03-11,"<2",1,2019,3,2019-03-01,"PCV13","<2"
2019-03-18,"15-44",5,2019,3,2019-03-01,"PCV13","2-64"
2019-03-18,"45-64",3,2019,3,2019-03-01,"PCV13","2-64"
2019-03-18,"65+",4,2019,3,2019-03-01,"PCV13","65+"
2019-03-25,"15-44",1,2019,3,2019-03-01,"PCV13","2-64"
2019-03-25,"45-64",3,2019,3,2019-03-01,"PCV13","2-64"
2019-03-25,"65+",1,2019,3,2019-03-01,"PCV13","65+"
2019-04-01,"45-64",1,2019,4,2019-04-01,"PCV13","2-64"
2019-04-01,"65+",3,2019,4,2019-04-01,"PCV13","65+"
2019-04-08,"15-44",3,2019,4,2019-04-01,"PCV13","2-64"
2019-04-08,"45-64",4,2019,4,2019-04-01,"PCV13","2-64"
2019-04-08,"65+",1,2019,4,2019-04-01,"PCV13","65+"
2019-04-15,"45-64",6,2019,4,2019-04-01,"PCV13","2-64"
2019-04-15,"65+",4,2019,4,2019-04-01,"PCV13","65+"
2019-04-22,"15-44",2,2019,4,2019-04-01,"PCV13","2-64"
2019-04-22,"45-64",1,2019,4,2019-04-01,"PCV13","2-64"
2019-04-22,"65+",3,2019,4,2019-04-01,"PCV13","65+"
2019-04-29,"15-44",1,2019,4,2019-04-01,"PCV13","2-64"
2019-04-29,"45-64",1,2019,4,2019-04-01,"PCV13","2-64"
2019-04-29,"65+",2,2019,4,2019-04-01,"PCV13","65+"
2019-05-06,"15-44",2,2019,5,2019-05-01,"PCV13","2-64"
2019-05-06,"45-64",1,2019,5,2019-05-01,"PCV13","2-64"
2019-05-06,"65+",4,2019,5,2019-05-01,"PCV13","65+"
2019-05-13,"15-44",1,2019,5,2019-05-01,"PCV13","2-64"
2019-05-13,"2-4",1,2019,5,2019-05-01,"PCV13","2-64"
2019-05-13,"65+",3,2019,5,2019-05-01,"PCV13","65+"
2019-05-20,"15-44",4,2019,5,2019-05-01,"PCV13","2-64"
2019-05-20,"45-64",2,2019,5,2019-05-01,"PCV13","2-64"
2019-05-20,"65+",2,2019,5,2019-05-01,"PCV13","65+"
2019-05-27,"15-44",2,2019,5,2019-05-01,"PCV13","2-64"
2019-05-27,"45-64",7,2019,5,2019-05-01,"PCV13","2-64"
2019-06-03,"15-44",1,2019,6,2019-06-01,"PCV13","2-64"
2019-06-03,"45-64",1,2019,6,2019-06-01,"PCV13","2-64"
2019-06-03,"65+",1,2019,6,2019-06-01,"PCV13","65+"
2019-06-03,"<2",1,2019,6,2019-06-01,"PCV13","<2"
2019-06-10,"45-64",2,2019,6,2019-06-01,"PCV13","2-64"
2019-06-10,"65+",1,2019,6,2019-06-01,"PCV13","65+"
2019-06-17,"45-64",2,2019,6,2019-06-01,"PCV13","2-64"
2019-06-17,"65+",2,2019,6,2019-06-01,"PCV13","65+"
2019-06-24,"2-4",1,2019,6,2019-06-01,"PCV13","2-64"
2019-06-24,"45-64",3,2019,6,2019-06-01,"PCV13","2-64"
2019-06-24,"65+",1,2019,6,2019-06-01,"PCV13","65+"
2019-07-01,"15-44",1,2019,7,2019-07-01,"PCV13","2-64"
2019-07-01,"45-64",5,2019,7,2019-07-01,"PCV13","2-64"
2019-07-01,"5-14",1,2019,7,2019-07-01,"PCV13","2-64"
2019-07-01,"65+",2,2019,7,2019-07-01,"PCV13","65+"
2019-07-01,"<2",2,2019,7,2019-07-01,"PCV13","<2"
2019-07-08,"15-44",2,2019,7,2019-07-01,"PCV13","2-64"
2019-07-08,"45-64",4,2019,7,2019-07-01,"PCV13","2-64"
2019-07-15,"45-64",1,2019,7,2019-07-01,"PCV13","2-64"
2019-07-22,"45-64",1,2019,7,2019-07-01,"PCV13","2-64"
2019-07-22,"65+",2,2019,7,2019-07-01,"PCV13","65+"
2019-07-29,"45-64",1,2019,7,2019-07-01,"PCV13","2-64"
2019-08-05,"45-64",1,2019,8,2019-08-01,"PCV13","2-64"
2019-08-05,"65+",1,2019,8,2019-08-01,"PCV13","65+"
2019-08-12,"45-64",1,2019,8,2019-08-01,"PCV13","2-64"
2019-08-12,"65+",3,2019,8,2019-08-01,"PCV13","65+"
2019-08-12,"<2",2,2019,8,2019-08-01,"PCV13","<2"
2019-08-19,"45-64",1,2019,8,2019-08-01,"PCV13","2-64"
2019-08-26,"45-64",3,2019,8,2019-08-01,"PCV13","2-64"
2019-09-02,"65+",1,2019,9,2019-09-01,"PCV13","65+"
2019-09-09,"45-64",2,2019,9,2019-09-01,"PCV13","2-64"
2019-09-16,"65+",1,2019,9,2019-09-01,"PCV13","65+"
2019-09-23,"15-44",1,2019,9,2019-09-01,"PCV13","2-64"
2019-09-23,"2-4",1,2019,9,2019-09-01,"PCV13","2-64"
2019-09-23,"45-64",2,2019,9,2019-09-01,"PCV13","2-64"
2019-09-23,"65+",1,2019,9,2019-09-01,"PCV13","65+"
2019-09-23,"<2",2,2019,9,2019-09-01,"PCV13","<2"
2019-09-30,"45-64",2,2019,9,2019-09-01,"PCV13","2-64"
2019-09-30,"5-14",1,2019,9,2019-09-01,"PCV13","2-64"
2019-09-30,"65+",5,2019,9,2019-09-01,"PCV13","65+"
2019-09-30,"<2",1,2019,9,2019-09-01,"PCV13","<2"
2019-10-07,"45-64",2,2019,10,2019-10-01,"PCV13","2-64"
2019-10-07,"65+",1,2019,10,2019-10-01,"PCV13","65+"
2019-10-14,"15-44",2,2019,10,2019-10-01,"PCV13","2-64"
2019-10-14,"45-64",3,2019,10,2019-10-01,"PCV13","2-64"
2019-10-14,"65+",2,2019,10,2019-10-01,"PCV13","65+"
2019-10-14,"<2",2,2019,10,2019-10-01,"PCV13","<2"
2019-10-21,"15-44",1,2019,10,2019-10-01,"PCV13","2-64"
2019-10-21,"45-64",3,2019,10,2019-10-01,"PCV13","2-64"
2019-10-21,"65+",3,2019,10,2019-10-01,"PCV13","65+"
2019-10-28,"15-44",1,2019,10,2019-10-01,"PCV13","2-64"
2019-10-28,"45-64",3,2019,10,2019-10-01,"PCV13","2-64"
2019-10-28,"65+",4,2019,10,2019-10-01,"PCV13","65+"
2019-11-04,"15-44",1,2019,11,2019-11-01,"PCV13","2-64"
2019-11-04,"45-64",3,2019,11,2019-11-01,"PCV13","2-64"
2019-11-04,"65+",6,2019,11,2019-11-01,"PCV13","65+"
2019-11-11,"45-64",3,2019,11,2019-11-01,"PCV13","2-64"
2019-11-11,"5-14",1,2019,11,2019-11-01,"PCV13","2-64"
2019-11-11,"65+",5,2019,11,2019-11-01,"PCV13","65+"
2019-11-18,"15-44",2,2019,11,2019-11-01,"PCV13","2-64"
2019-11-18,"45-64",1,2019,11,2019-11-01,"PCV13","2-64"
2019-11-18,"65+",3,2019,11,2019-11-01,"PCV13","65+"
2019-11-25,"15-44",2,2019,11,2019-11-01,"PCV13","2-64"
2019-11-25,"45-64",5,2019,11,2019-11-01,"PCV13","2-64"
2019-12-02,"15-44",1,2019,12,2019-12-01,"PCV13","2-64"
2019-12-02,"2-4",1,2019,12,2019-12-01,"PCV13","2-64"
2019-12-02,"45-64",3,2019,12,2019-12-01,"PCV13","2-64"
2019-12-02,"5-14",1,2019,12,2019-12-01,"PCV13","2-64"
2019-12-02,"65+",2,2019,12,2019-12-01,"PCV13","65+"
2019-12-09,"15-44",2,2019,12,2019-12-01,"PCV13","2-64"
2019-12-09,"45-64",1,2019,12,2019-12-01,"PCV13","2-64"
2019-12-09,"65+",2,2019,12,2019-12-01,"PCV13","65+"
2019-12-16,"15-44",4,2019,12,2019-12-01,"PCV13","2-64"
2019-12-16,"45-64",7,2019,12,2019-12-01,"PCV13","2-64"
2019-12-16,"65+",3,2019,12,2019-12-01,"PCV13","65+"
2019-12-16,"<2",1,2019,12,2019-12-01,"PCV13","<2"
2019-12-23,"15-44",3,2019,12,2019-12-01,"PCV13","2-64"
2019-12-23,"45-64",3,2019,12,2019-12-01,"PCV13","2-64"
2019-12-23,"65+",3,2019,12,2019-12-01,"PCV13","65+"
2019-12-30,"15-44",5,2019,12,2019-12-01,"PCV13","2-64"
2019-12-30,"45-64",5,2019,12,2019-12-01,"PCV13","2-64"
2019-12-30,"65+",4,2019,12,2019-12-01,"PCV13","65+"
2019-12-30,"<2",2,2019,12,2019-12-01,"PCV13","<2"
2020-01-06,"15-44",4,2020,1,2020-01-01,"PCV13","2-64"
2020-01-06,"45-64",3,2020,1,2020-01-01,"PCV13","2-64"
2020-01-06,"65+",1,2020,1,2020-01-01,"PCV13","65+"
2020-01-06,"<2",1,2020,1,2020-01-01,"PCV13","<2"
2020-01-13,"15-44",1,2020,1,2020-01-01,"PCV13","2-64"
2020-01-13,"45-64",1,2020,1,2020-01-01,"PCV13","2-64"
2020-01-13,"65+",2,2020,1,2020-01-01,"PCV13","65+"
2020-01-20,"15-44",1,2020,1,2020-01-01,"PCV13","2-64"
2020-01-20,"45-64",4,2020,1,2020-01-01,"PCV13","2-64"
2020-01-20,"5-14",1,2020,1,2020-01-01,"PCV13","2-64"
2020-01-20,"65+",3,2020,1,2020-01-01,"PCV13","65+"
2020-01-27,"15-44",2,2020,1,2020-01-01,"PCV13","2-64"
2020-01-27,"45-64",4,2020,1,2020-01-01,"PCV13","2-64"
2020-01-27,"65+",3,2020,1,2020-01-01,"PCV13","65+"
2020-02-03,"15-44",2,2020,2,2020-02-01,"PCV13","2-64"
2020-02-03,"45-64",5,2020,2,2020-02-01,"PCV13","2-64"
2020-02-03,"65+",1,2020,2,2020-02-01,"PCV13","65+"
2020-02-03,"<2",1,2020,2,2020-02-01,"PCV13","<2"
2020-02-10,"15-44",2,2020,2,2020-02-01,"PCV13","2-64"
2020-02-10,"45-64",2,2020,2,2020-02-01,"PCV13","2-64"
2020-02-10,"65+",4,2020,2,2020-02-01,"PCV13","65+"
2020-02-17,"45-64",4,2020,2,2020-02-01,"PCV13","2-64"
2020-02-17,"5-14",2,2020,2,2020-02-01,"PCV13","2-64"
2020-02-17,"65+",6,2020,2,2020-02-01,"PCV13","65+"
2020-02-17,"<2",2,2020,2,2020-02-01,"PCV13","<2"
2020-02-24,"15-44",2,2020,2,2020-02-01,"PCV13","2-64"
2020-02-24,"45-64",4,2020,2,2020-02-01,"PCV13","2-64"
2020-02-24,"65+",2,2020,2,2020-02-01,"PCV13","65+"
2020-03-02,"15-44",2,2020,3,2020-03-01,"PCV13","2-64"
2020-03-02,"45-64",1,2020,3,2020-03-01,"PCV13","2-64"
2020-03-02,"65+",1,2020,3,2020-03-01,"PCV13","65+"
2020-03-09,"45-64",1,2020,3,2020-03-01,"PCV13","2-64"
2020-03-09,"65+",3,2020,3,2020-03-01,"PCV13","65+"
2020-03-09,"<2",1,2020,3,2020-03-01,"PCV13","<2"
2020-03-16,"45-64",1,2020,3,2020-03-01,"PCV13","2-64"
2020-03-23,"15-44",1,2020,3,2020-03-01,"PCV13","2-64"
2020-03-23,"45-64",1,2020,3,2020-03-01,"PCV13","2-64"
2020-03-23,"<2",2,2020,3,2020-03-01,"PCV13","<2"
2020-03-30,"45-64",2,2020,3,2020-03-01,"PCV13","2-64"
2020-03-30,"65+",1,2020,3,2020-03-01,"PCV13","65+"
2020-04-06,"65+",1,2020,4,2020-04-01,"PCV13","65+"
2020-05-11,"15-44",1,2020,5,2020-05-01,"PCV13","2-64"
2020-05-25,"45-64",1,2020,5,2020-05-01,"PCV13","2-64"
2020-06-01,"45-64",1,2020,6,2020-06-01,"PCV13","2-64"
2020-06-22,"45-64",1,2020,6,2020-06-01,"PCV13","2-64"
2020-07-06,"45-64",2,2020,7,2020-07-01,"PCV13","2-64"
2020-07-13,"45-64",1,2020,7,2020-07-01,"PCV13","2-64"
2020-07-20,"65+",1,2020,7,2020-07-01,"PCV13","65+"
2020-08-17,"15-44",2,2020,8,2020-08-01,"PCV13","2-64"
2020-08-17,"45-64",2,2020,8,2020-08-01,"PCV13","2-64"
2020-08-31,"<2",1,2020,8,2020-08-01,"PCV13","<2"
2020-09-07,"15-44",1,2020,9,2020-09-01,"PCV13","2-64"
2020-09-07,"5-14",1,2020,9,2020-09-01,"PCV13","2-64"
2020-09-14,"45-64",1,2020,9,2020-09-01,"PCV13","2-64"
2020-09-14,"65+",1,2020,9,2020-09-01,"PCV13","65+"
2020-09-21,"45-64",1,2020,9,2020-09-01,"PCV13","2-64"
2020-09-21,"5-14",1,2020,9,2020-09-01,"PCV13","2-64"
2020-09-21,"65+",3,2020,9,2020-09-01,"PCV13","65+"
2020-09-28,"65+",1,2020,9,2020-09-01,"PCV13","65+"
2020-10-05,"45-64",2,2020,10,2020-10-01,"PCV13","2-64"
2020-10-19,"15-44",1,2020,10,2020-10-01,"PCV13","2-64"
2020-10-26,"15-44",1,2020,10,2020-10-01,"PCV13","2-64"
2020-10-26,"45-64",1,2020,10,2020-10-01,"PCV13","2-64"
2020-10-26,"65+",1,2020,10,2020-10-01,"PCV13","65+"
2020-11-02,"45-64",1,2020,11,2020-11-01,"PCV13","2-64"
2020-11-02,"65+",1,2020,11,2020-11-01,"PCV13","65+"
2020-12-07,"65+",1,2020,12,2020-12-01,"PCV13","65+"
2020-12-14,"15-44",1,2020,12,2020-12-01,"PCV13","2-64"
2020-12-21,"15-44",1,2020,12,2020-12-01,"PCV13","2-64"
2021-01-11,"65+",1,2021,1,2021-01-01,"PCV13","65+"
2021-02-15,"<2",1,2021,2,2021-02-01,"PCV13","<2"
2021-03-08,"45-64",1,2021,3,2021-03-01,"PCV13","2-64"
2021-03-15,"15-44",1,2021,3,2021-03-01,"PCV13","2-64"
2021-04-05,"65+",1,2021,4,2021-04-01,"PCV13","65+"
2021-04-12,"45-64",1,2021,4,2021-04-01,"PCV13","2-64"
2021-04-26,"45-64",1,2021,4,2021-04-01,"PCV13","2-64"
2021-04-26,"65+",1,2021,4,2021-04-01,"PCV13","65+"
2021-05-10,"45-64",1,2021,5,2021-05-01,"PCV13","2-64"
2021-05-10,"65+",1,2021,5,2021-05-01,"PCV13","65+"
2021-05-24,"65+",1,2021,5,2021-05-01,"PCV13","65+"
2021-05-31,"15-44",1,2021,5,2021-05-01,"PCV13","2-64"
2021-06-07,"15-44",1,2021,6,2021-06-01,"PCV13","2-64"
2021-06-21,"65+",2,2021,6,2021-06-01,"PCV13","65+"
2021-06-28,"15-44",2,2021,6,2021-06-01,"PCV13","2-64"
2021-06-28,"65+",2,2021,6,2021-06-01,"PCV13","65+"
2021-07-05,"15-44",1,2021,7,2021-07-01,"PCV13","2-64"
2021-07-05,"45-64",1,2021,7,2021-07-01,"PCV13","2-64"
2021-07-05,"65+",2,2021,7,2021-07-01,"PCV13","65+"
2021-07-12,"45-64",1,2021,7,2021-07-01,"PCV13","2-64"
2021-08-30,"15-44",1,2021,8,2021-08-01,"PCV13","2-64"
2021-09-13,"15-44",1,2021,9,2021-09-01,"PCV13","2-64"
2021-09-20,"15-44",1,2021,9,2021-09-01,"PCV13","2-64"
2021-09-20,"65+",1,2021,9,2021-09-01,"PCV13","65+"
2021-09-27,"45-64",2,2021,9,2021-09-01,"PCV13","2-64"
2021-10-04,"15-44",1,2021,10,2021-10-01,"PCV13","2-64"
2021-10-04,"45-64",1,2021,10,2021-10-01,"PCV13","2-64"
2021-10-04,"65+",1,2021,10,2021-10-01,"PCV13","65+"
2021-10-18,"15-44",1,2021,10,2021-10-01,"PCV13","2-64"
2021-10-18,"65+",1,2021,10,2021-10-01,"PCV13","65+"
2021-11-08,"45-64",2,2021,11,2021-11-01,"PCV13","2-64"
2021-11-08,"65+",1,2021,11,2021-11-01,"PCV13","65+"
2021-11-22,"15-44",1,2021,11,2021-11-01,"PCV13","2-64"
2021-11-29,"45-64",1,2021,11,2021-11-01,"PCV13","2-64"
2021-11-29,"65+",1,2021,11,2021-11-01,"PCV13","65+"
2021-12-06,"15-44",1,2021,12,2021-12-01,"PCV13","2-64"
2021-12-06,"45-64",1,2021,12,2021-12-01,"PCV13","2-64"
2021-12-06,"65+",1,2021,12,2021-12-01,"PCV13","65+"
2021-12-13,"15-44",1,2021,12,2021-12-01,"PCV13","2-64"
2021-12-13,"65+",1,2021,12,2021-12-01,"PCV13","65+"
2021-12-20,"45-64",1,2021,12,2021-12-01,"PCV13","2-64"
2021-12-20,"65+",1,2021,12,2021-12-01,"PCV13","65+"
2021-12-20,"<2",1,2021,12,2021-12-01,"PCV13","<2"
2021-12-27,"15-44",2,2021,12,2021-12-01,"PCV13","2-64"
2021-12-27,"65+",1,2021,12,2021-12-01,"PCV13","65+"
2022-01-03,"15-44",2,2022,1,2022-01-01,"PCV13","2-64"
2022-01-10,"65+",1,2022,1,2022-01-01,"PCV13","65+"
2022-01-24,"45-64",1,2022,1,2022-01-01,"PCV13","2-64"
2022-02-07,"15-44",1,2022,2,2022-02-01,"PCV13","2-64"
2022-02-07,"<2",1,2022,2,2022-02-01,"PCV13","<2"
2022-02-21,"15-44",1,2022,2,2022-02-01,"PCV13","2-64"
2022-02-21,"65+",1,2022,2,2022-02-01,"PCV13","65+"
2022-02-28,"15-44",1,2022,2,2022-02-01,"PCV13","2-64"
2022-02-28,"45-64",1,2022,2,2022-02-01,"PCV13","2-64"
2022-02-28,"65+",1,2022,2,2022-02-01,"PCV13","65+"
2022-03-07,"15-44",1,2022,3,2022-03-01,"PCV13","2-64"
2022-03-07,"<2",1,2022,3,2022-03-01,"PCV13","<2"
2022-03-14,"45-64",1,2022,3,2022-03-01,"PCV13","2-64"
2022-03-14,"65+",3,2022,3,2022-03-01,"PCV13","65+"
2022-03-21,"45-64",2,2022,3,2022-03-01,"PCV13","2-64"
2022-03-21,"65+",1,2022,3,2022-03-01,"PCV13","65+"
2001-01-01,"15-44",1,2001,1,2001-01-01,"Pre-PCV7","2-64"
2001-01-08,"65+",1,2001,1,2001-01-01,"Pre-PCV7","65+"
2001-01-15,"15-44",1,2001,1,2001-01-01,"Pre-PCV7","2-64"
2001-01-15,"65+",1,2001,1,2001-01-01,"Pre-PCV7","65+"
2001-01-29,"15-44",1,2001,1,2001-01-01,"Pre-PCV7","2-64"
2001-02-05,"15-44",1,2001,2,2001-02-01,"Pre-PCV7","2-64"
2001-02-12,"<2",1,2001,2,2001-02-01,"Pre-PCV7","<2"
2001-02-12,"65+",1,2001,2,2001-02-01,"Pre-PCV7","65+"
2001-02-19,"15-44",1,2001,2,2001-02-01,"Pre-PCV7","2-64"
2001-02-19,"45-64",2,2001,2,2001-02-01,"Pre-PCV7","2-64"
2001-02-19,"65+",1,2001,2,2001-02-01,"Pre-PCV7","65+"
2001-02-26,"65+",2,2001,2,2001-02-01,"Pre-PCV7","65+"
2001-03-05,"45-64",1,2001,3,2001-03-01,"Pre-PCV7","2-64"
2001-03-12,"45-64",1,2001,3,2001-03-01,"Pre-PCV7","2-64"
2001-04-02,"45-64",2,2001,4,2001-04-01,"Pre-PCV7","2-64"
2001-04-02,"65+",1,2001,4,2001-04-01,"Pre-PCV7","65+"
2001-04-09,"65+",2,2001,4,2001-04-01,"Pre-PCV7","65+"
2001-04-16,"15-44",1,2001,4,2001-04-01,"Pre-PCV7","2-64"
2001-04-16,"65+",1,2001,4,2001-04-01,"Pre-PCV7","65+"
2001-04-23,"65+",2,2001,4,2001-04-01,"Pre-PCV7","65+"
2001-04-30,"45-64",1,2001,4,2001-04-01,"Pre-PCV7","2-64"
2001-04-30,"65+",1,2001,4,2001-04-01,"Pre-PCV7","65+"
2001-05-07,"65+",2,2001,5,2001-05-01,"Pre-PCV7","65+"
2001-05-14,"45-64",1,2001,5,2001-05-01,"Pre-PCV7","2-64"
2001-05-21,"65+",1,2001,5,2001-05-01,"Pre-PCV7","65+"
2001-06-18,"5-14",1,2001,6,2001-06-01,"Pre-PCV7","2-64"
2001-07-16,"65+",1,2001,7,2001-07-01,"Pre-PCV7","65+"
2001-07-23,"15-44",1,2001,7,2001-07-01,"Pre-PCV7","2-64"
2001-07-23,"65+",1,2001,7,2001-07-01,"Pre-PCV7","65+"
2001-07-23,"Unknown",1,2001,7,2001-07-01,"Pre-PCV7","Unknown"
2001-07-30,"5-14",1,2001,7,2001-07-01,"Pre-PCV7","2-64"
2001-07-30,"65+",1,2001,7,2001-07-01,"Pre-PCV7","65+"
2001-08-06,"45-64",1,2001,8,2001-08-01,"Pre-PCV7","2-64"
2001-08-27,"5-14",1,2001,8,2001-08-01,"Pre-PCV7","2-64"
2001-09-17,"65+",1,2001,9,2001-09-01,"Pre-PCV7","65+"
2001-10-08,"65+",1,2001,10,2001-10-01,"Pre-PCV7","65+"
2001-10-22,"65+",1,2001,10,2001-10-01,"Pre-PCV7","65+"
2001-10-29,"45-64",1,2001,10,2001-10-01,"Pre-PCV7","2-64"
2001-11-05,"45-64",1,2001,11,2001-11-01,"Pre-PCV7","2-64"
2001-11-19,"65+",1,2001,11,2001-11-01,"Pre-PCV7","65+"
2001-12-03,"45-64",1,2001,12,2001-12-01,"Pre-PCV7","2-64"
2001-12-10,"45-64",1,2001,12,2001-12-01,"Pre-PCV7","2-64"
2001-12-10,"65+",2,2001,12,2001-12-01,"Pre-PCV7","65+"
2001-12-17,"45-64",1,2001,12,2001-12-01,"Pre-PCV7","2-64"
2001-12-17,"65+",1,2001,12,2001-12-01,"Pre-PCV7","65+"
2001-12-24,"45-64",1,2001,12,2001-12-01,"Pre-PCV7","2-64"
2001-12-24,"65+",1,2001,12,2001-12-01,"Pre-PCV7","65+"
2002-01-07,"15-44",2,2002,1,2002-01-01,"Pre-PCV7","2-64"
2002-01-07,"45-64",1,2002,1,2002-01-01,"Pre-PCV7","2-64"
2002-01-21,"<2",1,2002,1,2002-01-01,"Pre-PCV7","<2"
2002-01-28,"<2",1,2002,1,2002-01-01,"Pre-PCV7","<2"
2002-01-28,"15-44",1,2002,1,2002-01-01,"Pre-PCV7","2-64"
2002-02-04,"<2",1,2002,2,2002-02-01,"Pre-PCV7","<2"
2002-02-04,"15-44",1,2002,2,2002-02-01,"Pre-PCV7","2-64"
2002-02-18,"65+",1,2002,2,2002-02-01,"Pre-PCV7","65+"
2002-02-25,"45-64",1,2002,2,2002-02-01,"Pre-PCV7","2-64"
2002-03-18,"45-64",1,2002,3,2002-03-01,"Pre-PCV7","2-64"
2002-03-25,"65+",1,2002,3,2002-03-01,"Pre-PCV7","65+"
2002-04-01,"65+",2,2002,4,2002-04-01,"Pre-PCV7","65+"
2002-04-22,"15-44",1,2002,4,2002-04-01,"Pre-PCV7","2-64"
2002-04-22,"45-64",1,2002,4,2002-04-01,"Pre-PCV7","2-64"
2002-05-06,"15-44",1,2002,5,2002-05-01,"Pre-PCV7","2-64"
2002-05-06,"65+",1,2002,5,2002-05-01,"Pre-PCV7","65+"
2002-05-27,"45-64",1,2002,5,2002-05-01,"Pre-PCV7","2-64"
2002-06-03,"45-64",1,2002,6,2002-06-01,"Pre-PCV7","2-64"
2002-06-03,"65+",1,2002,6,2002-06-01,"Pre-PCV7","65+"
2002-07-08,"15-44",1,2002,7,2002-07-01,"Pre-PCV7","2-64"
2002-07-15,"65+",1,2002,7,2002-07-01,"Pre-PCV7","65+"
2002-10-07,"15-44",1,2002,10,2002-10-01,"Pre-PCV7","2-64"
2002-10-21,"65+",1,2002,10,2002-10-01,"Pre-PCV7","65+"
2002-11-04,"45-64",1,2002,11,2002-11-01,"Pre-PCV7","2-64"
2002-11-11,"15-44",1,2002,11,2002-11-01,"Pre-PCV7","2-64"
2002-12-02,"45-64",1,2002,12,2002-12-01,"Pre-PCV7","2-64"
2002-12-09,"65+",1,2002,12,2002-12-01,"Pre-PCV7","65+"
2002-12-23,"Unknown",1,2002,12,2002-12-01,"Pre-PCV7","Unknown"
2002-12-30,"15-44",1,2002,12,2002-12-01,"Pre-PCV7","2-64"
2002-12-30,"65+",1,2002,12,2002-12-01,"Pre-PCV7","65+"
2003-01-06,"15-44",1,2003,1,2003-01-01,"Pre-PCV7","2-64"
2003-01-06,"45-64",1,2003,1,2003-01-01,"Pre-PCV7","2-64"
2003-01-13,"45-64",1,2003,1,2003-01-01,"Pre-PCV7","2-64"
2003-01-13,"65+",1,2003,1,2003-01-01,"Pre-PCV7","65+"
2003-01-27,"<2",1,2003,1,2003-01-01,"Pre-PCV7","<2"
2003-01-27,"15-44",1,2003,1,2003-01-01,"Pre-PCV7","2-64"
2003-02-03,"45-64",2,2003,2,2003-02-01,"Pre-PCV7","2-64"
2003-02-10,"<2",1,2003,2,2003-02-01,"Pre-PCV7","<2"
2003-02-17,"45-64",1,2003,2,2003-02-01,"Pre-PCV7","2-64"
2003-02-24,"5-14",1,2003,2,2003-02-01,"Pre-PCV7","2-64"
2003-02-24,"15-44",1,2003,2,2003-02-01,"Pre-PCV7","2-64"
2003-02-24,"45-64",1,2003,2,2003-02-01,"Pre-PCV7","2-64"
2003-02-24,"65+",1,2003,2,2003-02-01,"Pre-PCV7","65+"
2003-03-03,"45-64",1,2003,3,2003-03-01,"Pre-PCV7","2-64"
2003-03-10,"45-64",1,2003,3,2003-03-01,"Pre-PCV7","2-64"
2003-03-17,"15-44",2,2003,3,2003-03-01,"Pre-PCV7","2-64"
2003-03-17,"45-64",1,2003,3,2003-03-01,"Pre-PCV7","2-64"
2003-03-24,"15-44",1,2003,3,2003-03-01,"Pre-PCV7","2-64"
2003-03-24,"45-64",1,2003,3,2003-03-01,"Pre-PCV7","2-64"
2003-03-31,"45-64",1,2003,3,2003-03-01,"Pre-PCV7","2-64"
2003-04-14,"15-44",3,2003,4,2003-04-01,"Pre-PCV7","2-64"
2003-04-14,"45-64",1,2003,4,2003-04-01,"Pre-PCV7","2-64"
2003-04-21,"45-64",1,2003,4,2003-04-01,"Pre-PCV7","2-64"
2003-04-21,"65+",1,2003,4,2003-04-01,"Pre-PCV7","65+"
2003-04-28,"45-64",2,2003,4,2003-04-01,"Pre-PCV7","2-64"
2003-05-12,"15-44",1,2003,5,2003-05-01,"Pre-PCV7","2-64"
2003-05-19,"65+",1,2003,5,2003-05-01,"Pre-PCV7","65+"
2003-05-26,"15-44",2,2003,5,2003-05-01,"Pre-PCV7","2-64"
2003-05-26,"45-64",1,2003,5,2003-05-01,"Pre-PCV7","2-64"
2003-05-26,"65+",1,2003,5,2003-05-01,"Pre-PCV7","65+"
2003-06-02,"<2",1,2003,6,2003-06-01,"Pre-PCV7","<2"
2003-06-02,"15-44",1,2003,6,2003-06-01,"Pre-PCV7","2-64"
2003-06-30,"45-64",1,2003,6,2003-06-01,"Pre-PCV7","2-64"
2003-07-14,"15-44",1,2003,7,2003-07-01,"Pre-PCV7","2-64"
2003-07-14,"45-64",1,2003,7,2003-07-01,"Pre-PCV7","2-64"
2003-07-21,"45-64",1,2003,7,2003-07-01,"Pre-PCV7","2-64"
2003-08-04,"45-64",1,2003,8,2003-08-01,"Pre-PCV7","2-64"
2003-08-11,"45-64",1,2003,8,2003-08-01,"Pre-PCV7","2-64"
2003-08-11,"65+",1,2003,8,2003-08-01,"Pre-PCV7","65+"
2003-09-08,"65+",1,2003,9,2003-09-01,"Pre-PCV7","65+"
2003-09-15,"15-44",1,2003,9,2003-09-01,"Pre-PCV7","2-64"
2003-09-15,"65+",3,2003,9,2003-09-01,"Pre-PCV7","65+"
2003-09-22,"45-64",1,2003,9,2003-09-01,"Pre-PCV7","2-64"
2003-09-29,"45-64",1,2003,9,2003-09-01,"Pre-PCV7","2-64"
2003-10-27,"45-64",1,2003,10,2003-10-01,"Pre-PCV7","2-64"
2003-10-27,"65+",1,2003,10,2003-10-01,"Pre-PCV7","65+"
2003-11-10,"45-64",1,2003,11,2003-11-01,"Pre-PCV7","2-64"
2003-11-17,"<2",1,2003,11,2003-11-01,"Pre-PCV7","<2"
2003-11-17,"15-44",1,2003,11,2003-11-01,"Pre-PCV7","2-64"
2003-11-17,"65+",1,2003,11,2003-11-01,"Pre-PCV7","65+"
2003-11-24,"45-64",1,2003,11,2003-11-01,"Pre-PCV7","2-64"
2003-12-01,"15-44",1,2003,12,2003-12-01,"Pre-PCV7","2-64"
2003-12-01,"45-64",1,2003,12,2003-12-01,"Pre-PCV7","2-64"
2003-12-01,"65+",2,2003,12,2003-12-01,"Pre-PCV7","65+"
2003-12-08,"45-64",1,2003,12,2003-12-01,"Pre-PCV7","2-64"
2003-12-08,"65+",1,2003,12,2003-12-01,"Pre-PCV7","65+"
2003-12-15,"65+",3,2003,12,2003-12-01,"Pre-PCV7","65+"
2003-12-15,"Unknown",1,2003,12,2003-12-01,"Pre-PCV7","Unknown"
2003-12-22,"15-44",2,2003,12,2003-12-01,"Pre-PCV7","2-64"
2003-12-29,"15-44",1,2003,12,2003-12-01,"Pre-PCV7","2-64"
2004-01-05,"15-44",1,2004,1,2004-01-01,"Pre-PCV7","2-64"
2004-01-05,"45-64",1,2004,1,2004-01-01,"Pre-PCV7","2-64"
2004-01-05,"65+",1,2004,1,2004-01-01,"Pre-PCV7","65+"
2004-01-12,"15-44",1,2004,1,2004-01-01,"Pre-PCV7","2-64"
2004-01-19,"45-64",3,2004,1,2004-01-01,"Pre-PCV7","2-64"
2004-01-19,"65+",1,2004,1,2004-01-01,"Pre-PCV7","65+"
2004-01-26,"15-44",1,2004,1,2004-01-01,"Pre-PCV7","2-64"
2004-02-02,"45-64",1,2004,2,2004-02-01,"Pre-PCV7","2-64"
2004-02-02,"65+",1,2004,2,2004-02-01,"Pre-PCV7","65+"
2004-02-09,"45-64",1,2004,2,2004-02-01,"Pre-PCV7","2-64"
2004-02-16,"15-44",1,2004,2,2004-02-01,"Pre-PCV7","2-64"
2004-02-16,"65+",1,2004,2,2004-02-01,"Pre-PCV7","65+"
2004-03-01,"15-44",2,2004,3,2004-03-01,"Pre-PCV7","2-64"
2004-03-01,"45-64",1,2004,3,2004-03-01,"Pre-PCV7","2-64"
2004-03-08,"15-44",1,2004,3,2004-03-01,"Pre-PCV7","2-64"
2004-03-15,"65+",1,2004,3,2004-03-01,"Pre-PCV7","65+"
2004-03-22,"15-44",2,2004,3,2004-03-01,"Pre-PCV7","2-64"
2004-03-29,"15-44",1,2004,3,2004-03-01,"Pre-PCV7","2-64"
2004-03-29,"65+",1,2004,3,2004-03-01,"Pre-PCV7","65+"
2004-04-05,"15-44",1,2004,4,2004-04-01,"Pre-PCV7","2-64"
2004-04-05,"45-64",2,2004,4,2004-04-01,"Pre-PCV7","2-64"
2004-04-19,"15-44",1,2004,4,2004-04-01,"Pre-PCV7","2-64"
2004-04-19,"65+",1,2004,4,2004-04-01,"Pre-PCV7","65+"
2004-05-03,"15-44",1,2004,5,2004-05-01,"Pre-PCV7","2-64"
2004-05-10,"<2",1,2004,5,2004-05-01,"Pre-PCV7","<2"
2004-05-17,"65+",1,2004,5,2004-05-01,"Pre-PCV7","65+"
2004-05-24,"45-64",1,2004,5,2004-05-01,"Pre-PCV7","2-64"
2004-05-24,"65+",1,2004,5,2004-05-01,"Pre-PCV7","65+"
2004-05-31,"15-44",1,2004,5,2004-05-01,"Pre-PCV7","2-64"
2004-06-14,"<2",1,2004,6,2004-06-01,"Pre-PCV7","<2"
2004-06-14,"65+",1,2004,6,2004-06-01,"Pre-PCV7","65+"
2004-06-21,"15-44",1,2004,6,2004-06-01,"Pre-PCV7","2-64"
2004-06-21,"65+",1,2004,6,2004-06-01,"Pre-PCV7","65+"
2004-07-12,"<2",1,2004,7,2004-07-01,"Pre-PCV7","<2"
2004-07-12,"15-44",1,2004,7,2004-07-01,"Pre-PCV7","2-64"
2004-07-19,"15-44",2,2004,7,2004-07-01,"Pre-PCV7","2-64"
2004-07-19,"65+",1,2004,7,2004-07-01,"Pre-PCV7","65+"
2004-08-02,"15-44",1,2004,8,2004-08-01,"Pre-PCV7","2-64"
2004-08-02,"45-64",1,2004,8,2004-08-01,"Pre-PCV7","2-64"
2004-08-23,"45-64",1,2004,8,2004-08-01,"Pre-PCV7","2-64"
2004-08-30,"65+",1,2004,8,2004-08-01,"Pre-PCV7","65+"
2004-09-06,"45-64",1,2004,9,2004-09-01,"Pre-PCV7","2-64"
2004-09-06,"Unknown",1,2004,9,2004-09-01,"Pre-PCV7","Unknown"
2004-09-27,"45-64",1,2004,9,2004-09-01,"Pre-PCV7","2-64"
2004-09-27,"65+",1,2004,9,2004-09-01,"Pre-PCV7","65+"
2004-10-11,"45-64",1,2004,10,2004-10-01,"Pre-PCV7","2-64"
2004-10-18,"65+",1,2004,10,2004-10-01,"Pre-PCV7","65+"
2004-10-25,"<2",1,2004,10,2004-10-01,"Pre-PCV7","<2"
2004-10-25,"65+",1,2004,10,2004-10-01,"Pre-PCV7","65+"
2004-11-01,"65+",1,2004,11,2004-11-01,"Pre-PCV7","65+"
2004-11-22,"45-64",2,2004,11,2004-11-01,"Pre-PCV7","2-64"
2004-12-13,"45-64",1,2004,12,2004-12-01,"Pre-PCV7","2-64"
2004-12-13,"65+",1,2004,12,2004-12-01,"Pre-PCV7","65+"
2004-12-20,"45-64",1,2004,12,2004-12-01,"Pre-PCV7","2-64"
2004-12-27,"15-44",2,2004,12,2004-12-01,"Pre-PCV7","2-64"
2004-12-27,"45-64",1,2004,12,2004-12-01,"Pre-PCV7","2-64"
2005-01-03,"45-64",2,2005,1,2005-01-01,"Pre-PCV7","2-64"
2005-01-03,"65+",1,2005,1,2005-01-01,"Pre-PCV7","65+"
2005-01-10,"15-44",2,2005,1,2005-01-01,"Pre-PCV7","2-64"
2005-01-10,"45-64",1,2005,1,2005-01-01,"Pre-PCV7","2-64"
2005-01-10,"65+",2,2005,1,2005-01-01,"Pre-PCV7","65+"
2005-01-17,"45-64",1,2005,1,2005-01-01,"Pre-PCV7","2-64"
2005-01-17,"65+",1,2005,1,2005-01-01,"Pre-PCV7","65+"
2005-01-24,"45-64",1,2005,1,2005-01-01,"Pre-PCV7","2-64"
2005-01-24,"65+",1,2005,1,2005-01-01,"Pre-PCV7","65+"
2005-01-31,"15-44",1,2005,1,2005-01-01,"Pre-PCV7","2-64"
2005-01-31,"65+",2,2005,1,2005-01-01,"Pre-PCV7","65+"
2005-02-07,"15-44",2,2005,2,2005-02-01,"Pre-PCV7","2-64"
2005-02-14,"15-44",1,2005,2,2005-02-01,"Pre-PCV7","2-64"
2005-02-14,"65+",1,2005,2,2005-02-01,"Pre-PCV7","65+"
2005-02-21,"45-64",1,2005,2,2005-02-01,"Pre-PCV7","2-64"
2005-02-21,"65+",2,2005,2,2005-02-01,"Pre-PCV7","65+"
2005-02-21,"Unknown",1,2005,2,2005-02-01,"Pre-PCV7","Unknown"
2005-02-28,"15-44",1,2005,2,2005-02-01,"Pre-PCV7","2-64"
2005-02-28,"45-64",1,2005,2,2005-02-01,"Pre-PCV7","2-64"
2005-03-07,"65+",2,2005,3,2005-03-01,"Pre-PCV7","65+"
2005-03-14,"<2",1,2005,3,2005-03-01,"Pre-PCV7","<2"
2005-03-14,"45-64",2,2005,3,2005-03-01,"Pre-PCV7","2-64"
2005-03-21,"15-44",1,2005,3,2005-03-01,"Pre-PCV7","2-64"
2005-03-21,"65+",1,2005,3,2005-03-01,"Pre-PCV7","65+"
2005-03-28,"45-64",2,2005,3,2005-03-01,"Pre-PCV7","2-64"
2005-03-28,"65+",2,2005,3,2005-03-01,"Pre-PCV7","65+"
2005-04-04,"<2",1,2005,4,2005-04-01,"Pre-PCV7","<2"
2005-04-04,"65+",1,2005,4,2005-04-01,"Pre-PCV7","65+"
2005-04-11,"45-64",1,2005,4,2005-04-01,"Pre-PCV7","2-64"
2005-04-18,"45-64",1,2005,4,2005-04-01,"Pre-PCV7","2-64"
2005-04-18,"65+",1,2005,4,2005-04-01,"Pre-PCV7","65+"
2005-04-25,"15-44",1,2005,4,2005-04-01,"Pre-PCV7","2-64"
2005-04-25,"45-64",1,2005,4,2005-04-01,"Pre-PCV7","2-64"
2005-04-25,"65+",2,2005,4,2005-04-01,"Pre-PCV7","65+"
2005-05-02,"<2",1,2005,5,2005-05-01,"Pre-PCV7","<2"
2005-05-02,"15-44",1,2005,5,2005-05-01,"Pre-PCV7","2-64"
2005-05-02,"65+",1,2005,5,2005-05-01,"Pre-PCV7","65+"
2005-05-09,"45-64",1,2005,5,2005-05-01,"Pre-PCV7","2-64"
2005-05-09,"65+",1,2005,5,2005-05-01,"Pre-PCV7","65+"
2005-05-16,"65+",1,2005,5,2005-05-01,"Pre-PCV7","65+"
2005-05-23,"15-44",1,2005,5,2005-05-01,"Pre-PCV7","2-64"
2005-05-23,"65+",3,2005,5,2005-05-01,"Pre-PCV7","65+"
2005-05-30,"15-44",1,2005,5,2005-05-01,"Pre-PCV7","2-64"
2005-05-30,"45-64",3,2005,5,2005-05-01,"Pre-PCV7","2-64"
2005-05-30,"65+",1,2005,5,2005-05-01,"Pre-PCV7","65+"
2005-06-06,"45-64",1,2005,6,2005-06-01,"Pre-PCV7","2-64"
2005-06-06,"65+",1,2005,6,2005-06-01,"Pre-PCV7","65+"
2005-06-13,"15-44",2,2005,6,2005-06-01,"Pre-PCV7","2-64"
2005-06-20,"15-44",1,2005,6,2005-06-01,"Pre-PCV7","2-64"
2005-06-20,"65+",1,2005,6,2005-06-01,"Pre-PCV7","65+"
2005-07-04,"65+",1,2005,7,2005-07-01,"Pre-PCV7","65+"
2005-07-11,"45-64",2,2005,7,2005-07-01,"Pre-PCV7","2-64"
2005-08-08,"65+",2,2005,8,2005-08-01,"Pre-PCV7","65+"
2005-08-22,"45-64",1,2005,8,2005-08-01,"Pre-PCV7","2-64"
2005-10-03,"15-44",1,2005,10,2005-10-01,"Pre-PCV7","2-64"
2005-10-03,"45-64",1,2005,10,2005-10-01,"Pre-PCV7","2-64"
2005-10-10,"15-44",1,2005,10,2005-10-01,"Pre-PCV7","2-64"
2005-10-10,"45-64",1,2005,10,2005-10-01,"Pre-PCV7","2-64"
2005-10-24,"45-64",1,2005,10,2005-10-01,"Pre-PCV7","2-64"
2005-10-31,"15-44",2,2005,10,2005-10-01,"Pre-PCV7","2-64"
2005-10-31,"45-64",2,2005,10,2005-10-01,"Pre-PCV7","2-64"
2005-10-31,"65+",2,2005,10,2005-10-01,"Pre-PCV7","65+"
2005-11-07,"15-44",1,2005,11,2005-11-01,"Pre-PCV7","2-64"
2005-11-07,"65+",1,2005,11,2005-11-01,"Pre-PCV7","65+"
2005-11-14,"65+",2,2005,11,2005-11-01,"Pre-PCV7","65+"
2005-11-28,"15-44",1,2005,11,2005-11-01,"Pre-PCV7","2-64"
2005-11-28,"65+",1,2005,11,2005-11-01,"Pre-PCV7","65+"
2005-12-05,"15-44",1,2005,12,2005-12-01,"Pre-PCV7","2-64"
2005-12-05,"65+",1,2005,12,2005-12-01,"Pre-PCV7","65+"
2005-12-05,"Unknown",1,2005,12,2005-12-01,"Pre-PCV7","Unknown"
2005-12-12,"15-44",1,2005,12,2005-12-01,"Pre-PCV7","2-64"
2005-12-12,"45-64",3,2005,12,2005-12-01,"Pre-PCV7","2-64"
2005-12-12,"65+",1,2005,12,2005-12-01,"Pre-PCV7","65+"
2005-12-19,"15-44",1,2005,12,2005-12-01,"Pre-PCV7","2-64"
2005-12-19,"65+",1,2005,12,2005-12-01,"Pre-PCV7","65+"
2005-12-26,"15-44",1,2005,12,2005-12-01,"Pre-PCV7","2-64"
2005-12-26,"45-64",3,2005,12,2005-12-01,"Pre-PCV7","2-64"
2005-12-26,"65+",2,2005,12,2005-12-01,"Pre-PCV7","65+"
2005-12-26,"Unknown",1,2005,12,2005-12-01,"Pre-PCV7","Unknown"
2006-01-02,"15-44",1,2006,1,2006-01-01,"PCV7","2-64"
2006-01-02,"65+",2,2006,1,2006-01-01,"PCV7","65+"
2006-01-02,"Unknown",1,2006,1,2006-01-01,"PCV7","Unknown"
2006-01-09,"15-44",1,2006,1,2006-01-01,"PCV7","2-64"
2006-01-09,"45-64",1,2006,1,2006-01-01,"PCV7","2-64"
2006-01-09,"65+",1,2006,1,2006-01-01,"PCV7","65+"
2006-01-16,"45-64",1,2006,1,2006-01-01,"PCV7","2-64"
2006-01-23,"45-64",1,2006,1,2006-01-01,"PCV7","2-64"
2006-01-30,"15-44",1,2006,1,2006-01-01,"PCV7","2-64"
2006-01-30,"45-64",1,2006,1,2006-01-01,"PCV7","2-64"
2006-02-06,"15-44",2,2006,2,2006-02-01,"PCV7","2-64"
2006-02-06,"45-64",2,2006,2,2006-02-01,"PCV7","2-64"
2006-02-06,"65+",2,2006,2,2006-02-01,"PCV7","65+"
2006-02-13,"65+",3,2006,2,2006-02-01,"PCV7","65+"
2006-02-20,"5-14",1,2006,2,2006-02-01,"PCV7","2-64"
2006-02-20,"45-64",1,2006,2,2006-02-01,"PCV7","2-64"
2006-02-20,"65+",1,2006,2,2006-02-01,"PCV7","65+"
2006-02-27,"45-64",2,2006,2,2006-02-01,"PCV7","2-64"
2006-02-27,"65+",1,2006,2,2006-02-01,"PCV7","65+"
2006-03-06,"<2",1,2006,3,2006-03-01,"PCV7","<2"
2006-03-06,"15-44",2,2006,3,2006-03-01,"PCV7","2-64"
2006-03-06,"45-64",1,2006,3,2006-03-01,"PCV7","2-64"
2006-03-06,"65+",2,2006,3,2006-03-01,"PCV7","65+"
2006-03-13,"45-64",2,2006,3,2006-03-01,"PCV7","2-64"
2006-03-13,"65+",2,2006,3,2006-03-01,"PCV7","65+"
2006-03-20,"5-14",1,2006,3,2006-03-01,"PCV7","2-64"
2006-03-20,"15-44",1,2006,3,2006-03-01,"PCV7","2-64"
2006-03-20,"45-64",2,2006,3,2006-03-01,"PCV7","2-64"
2006-03-20,"65+",1,2006,3,2006-03-01,"PCV7","65+"
2006-03-27,"45-64",3,2006,3,2006-03-01,"PCV7","2-64"
2006-03-27,"65+",3,2006,3,2006-03-01,"PCV7","65+"
2006-04-03,"15-44",2,2006,4,2006-04-01,"PCV7","2-64"
2006-04-03,"45-64",2,2006,4,2006-04-01,"PCV7","2-64"
2006-04-10,"45-64",3,2006,4,2006-04-01,"PCV7","2-64"
2006-04-17,"15-44",1,2006,4,2006-04-01,"PCV7","2-64"
2006-04-24,"45-64",1,2006,4,2006-04-01,"PCV7","2-64"
2006-05-01,"65+",1,2006,5,2006-05-01,"PCV7","65+"
2006-05-08,"15-44",3,2006,5,2006-05-01,"PCV7","2-64"
2006-05-08,"65+",1,2006,5,2006-05-01,"PCV7","65+"
2006-05-15,"15-44",1,2006,5,2006-05-01,"PCV7","2-64"
2006-05-15,"65+",1,2006,5,2006-05-01,"PCV7","65+"
2006-05-22,"15-44",1,2006,5,2006-05-01,"PCV7","2-64"
2006-05-22,"45-64",1,2006,5,2006-05-01,"PCV7","2-64"
2006-05-29,"45-64",1,2006,5,2006-05-01,"PCV7","2-64"
2006-06-05,"15-44",1,2006,6,2006-06-01,"PCV7","2-64"
2006-06-05,"45-64",1,2006,6,2006-06-01,"PCV7","2-64"
2006-06-12,"15-44",1,2006,6,2006-06-01,"PCV7","2-64"
2006-06-12,"45-64",1,2006,6,2006-06-01,"PCV7","2-64"
2006-06-12,"65+",1,2006,6,2006-06-01,"PCV7","65+"
2006-06-19,"45-64",1,2006,6,2006-06-01,"PCV7","2-64"
2006-06-19,"65+",1,2006,6,2006-06-01,"PCV7","65+"
2006-06-26,"45-64",1,2006,6,2006-06-01,"PCV7","2-64"
2006-07-03,"65+",1,2006,7,2006-07-01,"PCV7","65+"
2006-07-10,"15-44",1,2006,7,2006-07-01,"PCV7","2-64"
2006-07-10,"45-64",1,2006,7,2006-07-01,"PCV7","2-64"
2006-07-17,"45-64",1,2006,7,2006-07-01,"PCV7","2-64"
2006-07-24,"65+",1,2006,7,2006-07-01,"PCV7","65+"
2006-07-31,"15-44",1,2006,7,2006-07-01,"PCV7","2-64"
2006-07-31,"65+",1,2006,7,2006-07-01,"PCV7","65+"
2006-08-07,"15-44",1,2006,8,2006-08-01,"PCV7","2-64"
2006-08-14,"15-44",1,2006,8,2006-08-01,"PCV7","2-64"
2006-08-21,"65+",3,2006,8,2006-08-01,"PCV7","65+"
2006-08-28,"45-64",1,2006,8,2006-08-01,"PCV7","2-64"
2006-09-11,"15-44",1,2006,9,2006-09-01,"PCV7","2-64"
2006-09-11,"45-64",1,2006,9,2006-09-01,"PCV7","2-64"
2006-09-11,"65+",1,2006,9,2006-09-01,"PCV7","65+"
2006-10-02,"<2",1,2006,10,2006-10-01,"PCV7","<2"
2006-10-02,"15-44",1,2006,10,2006-10-01,"PCV7","2-64"
2006-10-02,"45-64",1,2006,10,2006-10-01,"PCV7","2-64"
2006-10-09,"65+",2,2006,10,2006-10-01,"PCV7","65+"
2006-10-23,"45-64",1,2006,10,2006-10-01,"PCV7","2-64"
2006-10-30,"65+",1,2006,10,2006-10-01,"PCV7","65+"
2006-11-06,"45-64",1,2006,11,2006-11-01,"PCV7","2-64"
2006-11-13,"45-64",2,2006,11,2006-11-01,"PCV7","2-64"
2006-11-20,"45-64",1,2006,11,2006-11-01,"PCV7","2-64"
2006-11-27,"<2",1,2006,11,2006-11-01,"PCV7","<2"
2006-11-27,"15-44",1,2006,11,2006-11-01,"PCV7","2-64"
2006-11-27,"65+",1,2006,11,2006-11-01,"PCV7","65+"
2006-12-04,"45-64",3,2006,12,2006-12-01,"PCV7","2-64"
2006-12-04,"65+",1,2006,12,2006-12-01,"PCV7","65+"
2006-12-11,"15-44",1,2006,12,2006-12-01,"PCV7","2-64"
2006-12-11,"45-64",1,2006,12,2006-12-01,"PCV7","2-64"
2006-12-11,"65+",1,2006,12,2006-12-01,"PCV7","65+"
2006-12-18,"65+",1,2006,12,2006-12-01,"PCV7","65+"
2006-12-25,"15-44",2,2006,12,2006-12-01,"PCV7","2-64"
2006-12-25,"45-64",2,2006,12,2006-12-01,"PCV7","2-64"
2006-12-25,"65+",3,2006,12,2006-12-01,"PCV7","65+"
2007-01-01,"15-44",1,2007,1,2007-01-01,"PCV7","2-64"
2007-01-01,"45-64",1,2007,1,2007-01-01,"PCV7","2-64"
2007-01-01,"65+",2,2007,1,2007-01-01,"PCV7","65+"
2007-01-08,"65+",2,2007,1,2007-01-01,"PCV7","65+"
2007-01-15,"45-64",1,2007,1,2007-01-01,"PCV7","2-64"
2007-01-22,"5-14",1,2007,1,2007-01-01,"PCV7","2-64"
2007-01-22,"15-44",1,2007,1,2007-01-01,"PCV7","2-64"
2007-01-29,"15-44",1,2007,1,2007-01-01,"PCV7","2-64"
2007-01-29,"45-64",1,2007,1,2007-01-01,"PCV7","2-64"
2007-01-29,"65+",1,2007,1,2007-01-01,"PCV7","65+"
2007-02-05,"15-44",3,2007,2,2007-02-01,"PCV7","2-64"
2007-02-05,"45-64",1,2007,2,2007-02-01,"PCV7","2-64"
2007-02-05,"65+",1,2007,2,2007-02-01,"PCV7","65+"
2007-02-12,"15-44",2,2007,2,2007-02-01,"PCV7","2-64"
2007-02-12,"45-64",1,2007,2,2007-02-01,"PCV7","2-64"
2007-02-12,"65+",1,2007,2,2007-02-01,"PCV7","65+"
2007-02-19,"15-44",1,2007,2,2007-02-01,"PCV7","2-64"
2007-02-26,"<2",1,2007,2,2007-02-01,"PCV7","<2"
2007-02-26,"45-64",2,2007,2,2007-02-01,"PCV7","2-64"
2007-02-26,"65+",1,2007,2,2007-02-01,"PCV7","65+"
2007-03-05,"45-64",1,2007,3,2007-03-01,"PCV7","2-64"
2007-03-05,"65+",2,2007,3,2007-03-01,"PCV7","65+"
2007-03-12,"<2",1,2007,3,2007-03-01,"PCV7","<2"
2007-03-12,"15-44",1,2007,3,2007-03-01,"PCV7","2-64"
2007-03-12,"65+",2,2007,3,2007-03-01,"PCV7","65+"
2007-03-19,"15-44",1,2007,3,2007-03-01,"PCV7","2-64"
2007-03-19,"65+",2,2007,3,2007-03-01,"PCV7","65+"
2007-03-26,"15-44",1,2007,3,2007-03-01,"PCV7","2-64"
2007-03-26,"45-64",3,2007,3,2007-03-01,"PCV7","2-64"
2007-03-26,"65+",1,2007,3,2007-03-01,"PCV7","65+"
2007-04-02,"45-64",1,2007,4,2007-04-01,"PCV7","2-64"
2007-04-02,"65+",2,2007,4,2007-04-01,"PCV7","65+"
2007-04-16,"<2",1,2007,4,2007-04-01,"PCV7","<2"
2007-04-16,"15-44",1,2007,4,2007-04-01,"PCV7","2-64"
2007-04-23,"45-64",1,2007,4,2007-04-01,"PCV7","2-64"
2007-04-23,"65+",1,2007,4,2007-04-01,"PCV7","65+"
2007-05-07,"15-44",1,2007,5,2007-05-01,"PCV7","2-64"
2007-05-07,"45-64",1,2007,5,2007-05-01,"PCV7","2-64"
2007-05-07,"65+",1,2007,5,2007-05-01,"PCV7","65+"
2007-05-14,"15-44",2,2007,5,2007-05-01,"PCV7","2-64"
2007-05-21,"<2",1,2007,5,2007-05-01,"PCV7","<2"
2007-05-21,"45-64",2,2007,5,2007-05-01,"PCV7","2-64"
2007-05-28,"65+",3,2007,5,2007-05-01,"PCV7","65+"
2007-06-04,"15-44",1,2007,6,2007-06-01,"PCV7","2-64"
2007-06-04,"45-64",1,2007,6,2007-06-01,"PCV7","2-64"
2007-06-11,"<2",1,2007,6,2007-06-01,"PCV7","<2"
2007-06-11,"45-64",1,2007,6,2007-06-01,"PCV7","2-64"
2007-06-25,"45-64",1,2007,6,2007-06-01,"PCV7","2-64"
2007-06-25,"65+",1,2007,6,2007-06-01,"PCV7","65+"
2007-07-02,"15-44",1,2007,7,2007-07-01,"PCV7","2-64"
2007-07-02,"65+",1,2007,7,2007-07-01,"PCV7","65+"
2007-07-16,"45-64",1,2007,7,2007-07-01,"PCV7","2-64"
2007-07-23,"45-64",1,2007,7,2007-07-01,"PCV7","2-64"
2007-07-23,"65+",1,2007,7,2007-07-01,"PCV7","65+"
2007-07-30,"2-4",1,2007,7,2007-07-01,"PCV7","2-64"
2007-07-30,"15-44",1,2007,7,2007-07-01,"PCV7","2-64"
2007-07-30,"45-64",1,2007,7,2007-07-01,"PCV7","2-64"
2007-08-06,"45-64",2,2007,8,2007-08-01,"PCV7","2-64"
2007-08-27,"15-44",1,2007,8,2007-08-01,"PCV7","2-64"
2007-09-03,"15-44",2,2007,9,2007-09-01,"PCV7","2-64"
2007-09-17,"15-44",1,2007,9,2007-09-01,"PCV7","2-64"
2007-09-17,"45-64",1,2007,9,2007-09-01,"PCV7","2-64"
2007-09-17,"65+",1,2007,9,2007-09-01,"PCV7","65+"
2007-09-24,"45-64",1,2007,9,2007-09-01,"PCV7","2-64"
2007-09-24,"65+",2,2007,9,2007-09-01,"PCV7","65+"
2007-10-01,"45-64",1,2007,10,2007-10-01,"PCV7","2-64"
2007-10-15,"15-44",1,2007,10,2007-10-01,"PCV7","2-64"
2007-10-15,"45-64",1,2007,10,2007-10-01,"PCV7","2-64"
2007-10-15,"65+",2,2007,10,2007-10-01,"PCV7","65+"
2007-10-22,"45-64",2,2007,10,2007-10-01,"PCV7","2-64"
2007-10-22,"65+",3,2007,10,2007-10-01,"PCV7","65+"
2007-10-29,"15-44",5,2007,10,2007-10-01,"PCV7","2-64"
2007-10-29,"65+",1,2007,10,2007-10-01,"PCV7","65+"
2007-11-12,"15-44",1,2007,11,2007-11-01,"PCV7","2-64"
2007-11-12,"45-64",1,2007,11,2007-11-01,"PCV7","2-64"
2007-11-19,"45-64",1,2007,11,2007-11-01,"PCV7","2-64"
2007-11-26,"15-44",1,2007,11,2007-11-01,"PCV7","2-64"
2007-11-26,"45-64",2,2007,11,2007-11-01,"PCV7","2-64"
2007-12-03,"45-64",1,2007,12,2007-12-01,"PCV7","2-64"
2007-12-03,"65+",1,2007,12,2007-12-01,"PCV7","65+"
2007-12-10,"5-14",1,2007,12,2007-12-01,"PCV7","2-64"
2007-12-10,"15-44",2,2007,12,2007-12-01,"PCV7","2-64"
2007-12-10,"45-64",2,2007,12,2007-12-01,"PCV7","2-64"
2007-12-17,"45-64",1,2007,12,2007-12-01,"PCV7","2-64"
2007-12-17,"65+",1,2007,12,2007-12-01,"PCV7","65+"
2007-12-17,"Unknown",1,2007,12,2007-12-01,"PCV7","Unknown"
2007-12-24,"15-44",4,2007,12,2007-12-01,"PCV7","2-64"
2007-12-24,"45-64",3,2007,12,2007-12-01,"PCV7","2-64"
2007-12-24,"65+",4,2007,12,2007-12-01,"PCV7","65+"
2007-12-31,"15-44",1,2007,12,2007-12-01,"PCV7","2-64"
2007-12-31,"45-64",1,2007,12,2007-12-01,"PCV7","2-64"
2007-12-31,"65+",3,2007,12,2007-12-01,"PCV7","65+"
2008-01-07,"<2",1,2008,1,2008-01-01,"PCV7","<2"
2008-01-07,"45-64",3,2008,1,2008-01-01,"PCV7","2-64"
2008-01-07,"65+",1,2008,1,2008-01-01,"PCV7","65+"
2008-01-07,"Unknown",1,2008,1,2008-01-01,"PCV7","Unknown"
2008-01-14,"45-64",2,2008,1,2008-01-01,"PCV7","2-64"
2008-01-21,"15-44",1,2008,1,2008-01-01,"PCV7","2-64"
2008-01-21,"45-64",2,2008,1,2008-01-01,"PCV7","2-64"
2008-01-21,"65+",3,2008,1,2008-01-01,"PCV7","65+"
2008-01-28,"15-44",1,2008,1,2008-01-01,"PCV7","2-64"
2008-01-28,"45-64",1,2008,1,2008-01-01,"PCV7","2-64"
2008-02-04,"15-44",1,2008,2,2008-02-01,"PCV7","2-64"
2008-02-04,"45-64",3,2008,2,2008-02-01,"PCV7","2-64"
2008-02-11,"15-44",1,2008,2,2008-02-01,"PCV7","2-64"
2008-02-11,"45-64",2,2008,2,2008-02-01,"PCV7","2-64"
2008-02-11,"65+",2,2008,2,2008-02-01,"PCV7","65+"
2008-02-18,"45-64",4,2008,2,2008-02-01,"PCV7","2-64"
2008-02-18,"65+",3,2008,2,2008-02-01,"PCV7","65+"
2008-02-25,"15-44",1,2008,2,2008-02-01,"PCV7","2-64"
2008-03-03,"45-64",1,2008,3,2008-03-01,"PCV7","2-64"
2008-03-03,"65+",3,2008,3,2008-03-01,"PCV7","65+"
2008-03-10,"15-44",2,2008,3,2008-03-01,"PCV7","2-64"
2008-03-10,"45-64",1,2008,3,2008-03-01,"PCV7","2-64"
2008-03-10,"65+",2,2008,3,2008-03-01,"PCV7","65+"
2008-03-17,"45-64",1,2008,3,2008-03-01,"PCV7","2-64"
2008-03-17,"65+",1,2008,3,2008-03-01,"PCV7","65+"
2008-03-24,"45-64",1,2008,3,2008-03-01,"PCV7","2-64"
2008-03-24,"65+",3,2008,3,2008-03-01,"PCV7","65+"
2008-03-31,"15-44",3,2008,3,2008-03-01,"PCV7","2-64"
2008-03-31,"65+",1,2008,3,2008-03-01,"PCV7","65+"
2008-04-07,"15-44",3,2008,4,2008-04-01,"PCV7","2-64"
2008-04-07,"65+",1,2008,4,2008-04-01,"PCV7","65+"
2008-04-14,"<2",1,2008,4,2008-04-01,"PCV7","<2"
2008-04-14,"45-64",2,2008,4,2008-04-01,"PCV7","2-64"
2008-04-21,"15-44",1,2008,4,2008-04-01,"PCV7","2-64"
2008-04-21,"65+",2,2008,4,2008-04-01,"PCV7","65+"
2008-04-28,"45-64",1,2008,4,2008-04-01,"PCV7","2-64"
2008-04-28,"65+",1,2008,4,2008-04-01,"PCV7","65+"
2008-05-05,"15-44",1,2008,5,2008-05-01,"PCV7","2-64"
2008-05-05,"65+",1,2008,5,2008-05-01,"PCV7","65+"
2008-05-12,"15-44",2,2008,5,2008-05-01,"PCV7","2-64"
2008-05-12,"45-64",3,2008,5,2008-05-01,"PCV7","2-64"
2008-05-12,"65+",1,2008,5,2008-05-01,"PCV7","65+"
2008-05-19,"45-64",1,2008,5,2008-05-01,"PCV7","2-64"
2008-05-26,"45-64",2,2008,5,2008-05-01,"PCV7","2-64"
2008-05-26,"65+",1,2008,5,2008-05-01,"PCV7","65+"
2008-06-02,"15-44",1,2008,6,2008-06-01,"PCV7","2-64"
2008-06-02,"45-64",1,2008,6,2008-06-01,"PCV7","2-64"
2008-06-02,"65+",2,2008,6,2008-06-01,"PCV7","65+"
2008-06-09,"15-44",1,2008,6,2008-06-01,"PCV7","2-64"
2008-06-16,"65+",1,2008,6,2008-06-01,"PCV7","65+"
2008-06-23,"45-64",1,2008,6,2008-06-01,"PCV7","2-64"
2008-06-30,"15-44",2,2008,6,2008-06-01,"PCV7","2-64"
2008-06-30,"45-64",1,2008,6,2008-06-01,"PCV7","2-64"
2008-07-07,"15-44",2,2008,7,2008-07-01,"PCV7","2-64"
2008-07-07,"45-64",2,2008,7,2008-07-01,"PCV7","2-64"
2008-07-07,"65+",1,2008,7,2008-07-01,"PCV7","65+"
2008-07-14,"45-64",2,2008,7,2008-07-01,"PCV7","2-64"
2008-07-28,"45-64",2,2008,7,2008-07-01,"PCV7","2-64"
2008-08-04,"15-44",1,2008,8,2008-08-01,"PCV7","2-64"
2008-08-04,"45-64",2,2008,8,2008-08-01,"PCV7","2-64"
2008-08-18,"15-44",1,2008,8,2008-08-01,"PCV7","2-64"
2008-09-15,"45-64",1,2008,9,2008-09-01,"PCV7","2-64"
2008-09-22,"15-44",2,2008,9,2008-09-01,"PCV7","2-64"
2008-09-29,"15-44",3,2008,9,2008-09-01,"PCV7","2-64"
2008-10-06,"15-44",1,2008,10,2008-10-01,"PCV7","2-64"
2008-10-06,"45-64",3,2008,10,2008-10-01,"PCV7","2-64"
2008-10-06,"65+",1,2008,10,2008-10-01,"PCV7","65+"
2008-10-13,"15-44",2,2008,10,2008-10-01,"PCV7","2-64"
2008-10-20,"65+",1,2008,10,2008-10-01,"PCV7","65+"
2008-10-27,"65+",1,2008,10,2008-10-01,"PCV7","65+"
2008-11-03,"15-44",1,2008,11,2008-11-01,"PCV7","2-64"
2008-11-03,"45-64",1,2008,11,2008-11-01,"PCV7","2-64"
2008-11-03,"65+",1,2008,11,2008-11-01,"PCV7","65+"
2008-11-10,"15-44",2,2008,11,2008-11-01,"PCV7","2-64"
2008-11-10,"65+",2,2008,11,2008-11-01,"PCV7","65+"
2008-11-17,"<2",1,2008,11,2008-11-01,"PCV7","<2"
2008-11-17,"45-64",3,2008,11,2008-11-01,"PCV7","2-64"
2008-11-17,"65+",1,2008,11,2008-11-01,"PCV7","65+"
2008-11-24,"65+",1,2008,11,2008-11-01,"PCV7","65+"
2008-12-01,"65+",1,2008,12,2008-12-01,"PCV7","65+"
2008-12-08,"15-44",2,2008,12,2008-12-01,"PCV7","2-64"
2008-12-08,"65+",2,2008,12,2008-12-01,"PCV7","65+"
2008-12-15,"<2",2,2008,12,2008-12-01,"PCV7","<2"
2008-12-15,"45-64",2,2008,12,2008-12-01,"PCV7","2-64"
2008-12-15,"65+",1,2008,12,2008-12-01,"PCV7","65+"
2008-12-22,"15-44",1,2008,12,2008-12-01,"PCV7","2-64"
2008-12-22,"45-64",2,2008,12,2008-12-01,"PCV7","2-64"
2008-12-22,"65+",4,2008,12,2008-12-01,"PCV7","65+"
2008-12-29,"15-44",5,2008,12,2008-12-01,"PCV7","2-64"
2008-12-29,"45-64",2,2008,12,2008-12-01,"PCV7","2-64"
2008-12-29,"65+",2,2008,12,2008-12-01,"PCV7","65+"
2009-01-05,"45-64",1,2009,1,2009-01-01,"PCV7","2-64"
2009-01-05,"65+",2,2009,1,2009-01-01,"PCV7","65+"
2009-01-12,"<2",1,2009,1,2009-01-01,"PCV7","<2"
2009-01-19,"45-64",2,2009,1,2009-01-01,"PCV7","2-64"
2009-01-26,"15-44",1,2009,1,2009-01-01,"PCV7","2-64"
2009-01-26,"45-64",1,2009,1,2009-01-01,"PCV7","2-64"
2009-01-26,"65+",1,2009,1,2009-01-01,"PCV7","65+"
2009-02-02,"<2",1,2009,2,2009-02-01,"PCV7","<2"
2009-02-02,"65+",1,2009,2,2009-02-01,"PCV7","65+"
2009-02-09,"45-64",2,2009,2,2009-02-01,"PCV7","2-64"
2009-02-09,"65+",3,2009,2,2009-02-01,"PCV7","65+"
2009-02-16,"<2",1,2009,2,2009-02-01,"PCV7","<2"
2009-02-16,"45-64",2,2009,2,2009-02-01,"PCV7","2-64"
2009-02-23,"2-4",1,2009,2,2009-02-01,"PCV7","2-64"
2009-02-23,"15-44",3,2009,2,2009-02-01,"PCV7","2-64"
2009-02-23,"45-64",4,2009,2,2009-02-01,"PCV7","2-64"
2009-02-23,"65+",2,2009,2,2009-02-01,"PCV7","65+"
2009-03-02,"65+",2,2009,3,2009-03-01,"PCV7","65+"
2009-03-09,"15-44",1,2009,3,2009-03-01,"PCV7","2-64"
2009-03-09,"45-64",1,2009,3,2009-03-01,"PCV7","2-64"
2009-03-09,"65+",1,2009,3,2009-03-01,"PCV7","65+"
2009-03-16,"2-4",1,2009,3,2009-03-01,"PCV7","2-64"
2009-03-16,"15-44",2,2009,3,2009-03-01,"PCV7","2-64"
2009-03-16,"65+",3,2009,3,2009-03-01,"PCV7","65+"
2009-03-23,"2-4",1,2009,3,2009-03-01,"PCV7","2-64"
2009-03-23,"15-44",3,2009,3,2009-03-01,"PCV7","2-64"
2009-03-23,"45-64",2,2009,3,2009-03-01,"PCV7","2-64"
2009-03-23,"65+",1,2009,3,2009-03-01,"PCV7","65+"
2009-03-30,"15-44",1,2009,3,2009-03-01,"PCV7","2-64"
2009-03-30,"65+",2,2009,3,2009-03-01,"PCV7","65+"
2009-04-13,"15-44",2,2009,4,2009-04-01,"PCV7","2-64"
2009-04-13,"45-64",2,2009,4,2009-04-01,"PCV7","2-64"
2009-04-13,"65+",2,2009,4,2009-04-01,"PCV7","65+"
2009-04-20,"15-44",1,2009,4,2009-04-01,"PCV7","2-64"
2009-04-20,"65+",2,2009,4,2009-04-01,"PCV7","65+"
2009-04-27,"45-64",1,2009,4,2009-04-01,"PCV7","2-64"
2009-05-04,"45-64",1,2009,5,2009-05-01,"PCV7","2-64"
2009-05-11,"15-44",1,2009,5,2009-05-01,"PCV7","2-64"
2009-05-11,"45-64",1,2009,5,2009-05-01,"PCV7","2-64"
2009-05-18,"15-44",1,2009,5,2009-05-01,"PCV7","2-64"
2009-05-18,"45-64",1,2009,5,2009-05-01,"PCV7","2-64"
2009-05-25,"15-44",2,2009,5,2009-05-01,"PCV7","2-64"
2009-05-25,"65+",2,2009,5,2009-05-01,"PCV7","65+"
2009-06-01,"15-44",1,2009,6,2009-06-01,"PCV7","2-64"
2009-06-01,"45-64",1,2009,6,2009-06-01,"PCV7","2-64"
2009-06-01,"65+",5,2009,6,2009-06-01,"PCV7","65+"
2009-06-08,"65+",2,2009,6,2009-06-01,"PCV7","65+"
2009-06-22,"45-64",1,2009,6,2009-06-01,"PCV7","2-64"
2009-07-06,"<2",1,2009,7,2009-07-01,"PCV7","<2"
2009-07-20,"15-44",1,2009,7,2009-07-01,"PCV7","2-64"
2009-07-20,"45-64",1,2009,7,2009-07-01,"PCV7","2-64"
2009-07-27,"45-64",3,2009,7,2009-07-01,"PCV7","2-64"
2009-07-27,"65+",1,2009,7,2009-07-01,"PCV7","65+"
2009-08-03,"45-64",1,2009,8,2009-08-01,"PCV7","2-64"
2009-08-17,"65+",2,2009,8,2009-08-01,"PCV7","65+"
2009-08-24,"15-44",1,2009,8,2009-08-01,"PCV7","2-64"
2009-08-24,"45-64",1,2009,8,2009-08-01,"PCV7","2-64"
2009-08-24,"65+",1,2009,8,2009-08-01,"PCV7","65+"
2009-09-07,"15-44",1,2009,9,2009-09-01,"PCV7","2-64"
2009-09-07,"45-64",1,2009,9,2009-09-01,"PCV7","2-64"
2009-09-14,"45-64",1,2009,9,2009-09-01,"PCV7","2-64"
2009-09-21,"15-44",1,2009,9,2009-09-01,"PCV7","2-64"
2009-09-21,"65+",1,2009,9,2009-09-01,"PCV7","65+"
2009-10-05,"45-64",2,2009,10,2009-10-01,"PCV7","2-64"
2009-10-12,"45-64",1,2009,10,2009-10-01,"PCV7","2-64"
2009-10-12,"65+",1,2009,10,2009-10-01,"PCV7","65+"
2009-10-19,"15-44",1,2009,10,2009-10-01,"PCV7","2-64"
2009-10-19,"65+",2,2009,10,2009-10-01,"PCV7","65+"
2009-10-26,"15-44",1,2009,10,2009-10-01,"PCV7","2-64"
2009-10-26,"45-64",1,2009,10,2009-10-01,"PCV7","2-64"
2009-10-26,"65+",1,2009,10,2009-10-01,"PCV7","65+"
2009-11-02,"15-44",1,2009,11,2009-11-01,"PCV7","2-64"
2009-11-02,"45-64",1,2009,11,2009-11-01,"PCV7","2-64"
2009-11-02,"65+",1,2009,11,2009-11-01,"PCV7","65+"
2009-11-09,"<2",1,2009,11,2009-11-01,"PCV7","<2"
2009-11-09,"15-44",1,2009,11,2009-11-01,"PCV7","2-64"
2009-11-16,"15-44",1,2009,11,2009-11-01,"PCV7","2-64"
2009-11-16,"45-64",2,2009,11,2009-11-01,"PCV7","2-64"
2009-11-23,"65+",1,2009,11,2009-11-01,"PCV7","65+"
2009-11-30,"15-44",2,2009,11,2009-11-01,"PCV7","2-64"
2009-11-30,"45-64",2,2009,11,2009-11-01,"PCV7","2-64"
2009-11-30,"65+",1,2009,11,2009-11-01,"PCV7","65+"
2009-12-07,"45-64",1,2009,12,2009-12-01,"PCV7","2-64"
2009-12-14,"45-64",2,2009,12,2009-12-01,"PCV7","2-64"
2009-12-14,"65+",1,2009,12,2009-12-01,"PCV7","65+"
2009-12-21,"15-44",1,2009,12,2009-12-01,"PCV7","2-64"
2009-12-21,"45-64",1,2009,12,2009-12-01,"PCV7","2-64"
2009-12-21,"65+",2,2009,12,2009-12-01,"PCV7","65+"
2009-12-28,"15-44",1,2009,12,2009-12-01,"PCV7","2-64"
2009-12-28,"45-64",2,2009,12,2009-12-01,"PCV7","2-64"
2009-12-28,"65+",1,2009,12,2009-12-01,"PCV7","65+"
2010-01-04,"15-44",1,2010,1,2010-01-01,"PCV7","2-64"
2010-01-04,"45-64",1,2010,1,2010-01-01,"PCV7","2-64"
2010-01-04,"65+",1,2010,1,2010-01-01,"PCV7","65+"
2010-01-11,"65+",1,2010,1,2010-01-01,"PCV7","65+"
2010-01-18,"15-44",2,2010,1,2010-01-01,"PCV7","2-64"
2010-01-25,"15-44",1,2010,1,2010-01-01,"PCV7","2-64"
2010-01-25,"45-64",1,2010,1,2010-01-01,"PCV7","2-64"
2010-01-25,"65+",1,2010,1,2010-01-01,"PCV7","65+"
2010-02-01,"45-64",1,2010,2,2010-02-01,"PCV7","2-64"
2010-02-01,"65+",2,2010,2,2010-02-01,"PCV7","65+"
2010-02-08,"65+",1,2010,2,2010-02-01,"PCV7","65+"
2010-02-15,"15-44",1,2010,2,2010-02-01,"PCV7","2-64"
2010-02-15,"45-64",4,2010,2,2010-02-01,"PCV7","2-64"
2010-02-22,"15-44",1,2010,2,2010-02-01,"PCV7","2-64"
2010-02-22,"45-64",1,2010,2,2010-02-01,"PCV7","2-64"
2010-03-01,"<2",1,2010,3,2010-03-01,"PCV7","<2"
2010-03-01,"15-44",1,2010,3,2010-03-01,"PCV7","2-64"
2010-03-01,"45-64",1,2010,3,2010-03-01,"PCV7","2-64"
2010-03-08,"15-44",1,2010,3,2010-03-01,"PCV7","2-64"
2010-03-08,"45-64",5,2010,3,2010-03-01,"PCV7","2-64"
2010-03-15,"15-44",1,2010,3,2010-03-01,"PCV7","2-64"
2010-03-15,"65+",3,2010,3,2010-03-01,"PCV7","65+"
2010-03-22,"15-44",1,2010,3,2010-03-01,"PCV7","2-64"
2010-03-29,"15-44",1,2010,3,2010-03-01,"PCV7","2-64"
2010-03-29,"45-64",4,2010,3,2010-03-01,"PCV7","2-64"
2010-04-05,"45-64",1,2010,4,2010-04-01,"PCV7","2-64"
2010-04-12,"15-44",2,2010,4,2010-04-01,"PCV7","2-64"
2010-04-12,"65+",3,2010,4,2010-04-01,"PCV7","65+"
2010-04-19,"15-44",2,2010,4,2010-04-01,"PCV7","2-64"
2010-04-19,"45-64",1,2010,4,2010-04-01,"PCV7","2-64"
2010-04-26,"65+",1,2010,4,2010-04-01,"PCV7","65+"
2010-05-03,"45-64",2,2010,5,2010-05-01,"PCV7","2-64"
2010-05-03,"65+",1,2010,5,2010-05-01,"PCV7","65+"
2010-05-10,"45-64",1,2010,5,2010-05-01,"PCV7","2-64"
2010-05-10,"65+",2,2010,5,2010-05-01,"PCV7","65+"
2010-05-17,"15-44",3,2010,5,2010-05-01,"PCV7","2-64"
2010-05-17,"65+",1,2010,5,2010-05-01,"PCV7","65+"
2010-05-24,"15-44",2,2010,5,2010-05-01,"PCV7","2-64"
2010-05-24,"45-64",2,2010,5,2010-05-01,"PCV7","2-64"
2010-05-24,"65+",1,2010,5,2010-05-01,"PCV7","65+"
2010-05-31,"65+",1,2010,5,2010-05-01,"PCV7","65+"
2010-06-07,"65+",1,2010,6,2010-06-01,"PCV7","65+"
2010-06-14,"65+",1,2010,6,2010-06-01,"PCV7","65+"
2010-06-21,"15-44",1,2010,6,2010-06-01,"PCV7","2-64"
2010-06-21,"45-64",1,2010,6,2010-06-01,"PCV7","2-64"
2010-06-28,"15-44",1,2010,6,2010-06-01,"PCV7","2-64"
2010-07-05,"45-64",2,2010,7,2010-07-01,"PCV7","2-64"
2010-07-19,"15-44",2,2010,7,2010-07-01,"PCV7","2-64"
2010-07-19,"45-64",1,2010,7,2010-07-01,"PCV7","2-64"
2010-07-26,"65+",1,2010,7,2010-07-01,"PCV7","65+"
2010-08-02,"5-14",1,2010,8,2010-08-01,"PCV7","2-64"
2010-08-02,"15-44",1,2010,8,2010-08-01,"PCV7","2-64"
2010-08-09,"45-64",1,2010,8,2010-08-01,"PCV7","2-64"
2010-08-23,"15-44",1,2010,8,2010-08-01,"PCV7","2-64"
2010-08-23,"45-64",1,2010,8,2010-08-01,"PCV7","2-64"
2010-08-23,"65+",1,2010,8,2010-08-01,"PCV7","65+"
2010-08-30,"65+",1,2010,8,2010-08-01,"PCV7","65+"
2010-09-06,"45-64",1,2010,9,2010-09-01,"PCV7","2-64"
2010-09-27,"15-44",1,2010,9,2010-09-01,"PCV7","2-64"
2010-09-27,"65+",3,2010,9,2010-09-01,"PCV7","65+"
2010-10-04,"45-64",2,2010,10,2010-10-01,"PCV7","2-64"
2010-10-11,"45-64",1,2010,10,2010-10-01,"PCV7","2-64"
2010-10-11,"65+",2,2010,10,2010-10-01,"PCV7","65+"
2010-10-18,"15-44",1,2010,10,2010-10-01,"PCV7","2-64"
2010-10-18,"45-64",3,2010,10,2010-10-01,"PCV7","2-64"
2010-10-18,"65+",2,2010,10,2010-10-01,"PCV7","65+"
2010-10-25,"65+",1,2010,10,2010-10-01,"PCV7","65+"
2010-11-08,"15-44",1,2010,11,2010-11-01,"PCV7","2-64"
2010-11-08,"65+",2,2010,11,2010-11-01,"PCV7","65+"
2010-11-15,"65+",1,2010,11,2010-11-01,"PCV7","65+"
2010-11-22,"<2",1,2010,11,2010-11-01,"PCV7","<2"
2010-11-29,"2-4",1,2010,11,2010-11-01,"PCV7","2-64"
2010-11-29,"5-14",1,2010,11,2010-11-01,"PCV7","2-64"
2010-11-29,"65+",2,2010,11,2010-11-01,"PCV7","65+"
2010-12-06,"45-64",1,2010,12,2010-12-01,"PCV7","2-64"
2010-12-06,"65+",2,2010,12,2010-12-01,"PCV7","65+"
2010-12-13,"15-44",3,2010,12,2010-12-01,"PCV7","2-64"
2010-12-13,"45-64",3,2010,12,2010-12-01,"PCV7","2-64"
2010-12-20,"15-44",2,2010,12,2010-12-01,"PCV7","2-64"
2010-12-20,"45-64",1,2010,12,2010-12-01,"PCV7","2-64"
2010-12-27,"15-44",4,2010,12,2010-12-01,"PCV7","2-64"
2010-12-27,"45-64",1,2010,12,2010-12-01,"PCV7","2-64"
2011-01-03,"5-14",1,2011,1,2011-01-01,"PCV13","2-64"
2011-01-03,"15-44",2,2011,1,2011-01-01,"PCV13","2-64"
2011-01-03,"45-64",3,2011,1,2011-01-01,"PCV13","2-64"
2011-01-03,"65+",3,2011,1,2011-01-01,"PCV13","65+"
2011-01-10,"15-44",1,2011,1,2011-01-01,"PCV13","2-64"
2011-01-10,"45-64",1,2011,1,2011-01-01,"PCV13","2-64"
2011-01-17,"65+",1,2011,1,2011-01-01,"PCV13","65+"
2011-01-31,"15-44",1,2011,1,2011-01-01,"PCV13","2-64"
2011-01-31,"45-64",1,2011,1,2011-01-01,"PCV13","2-64"
2011-01-31,"65+",1,2011,1,2011-01-01,"PCV13","65+"
2011-02-07,"65+",1,2011,2,2011-02-01,"PCV13","65+"
2011-02-14,"15-44",1,2011,2,2011-02-01,"PCV13","2-64"
2011-02-14,"45-64",1,2011,2,2011-02-01,"PCV13","2-64"
2011-02-14,"65+",1,2011,2,2011-02-01,"PCV13","65+"
2011-02-21,"45-64",1,2011,2,2011-02-01,"PCV13","2-64"
2011-02-21,"65+",7,2011,2,2011-02-01,"PCV13","65+"
2011-02-28,"15-44",2,2011,2,2011-02-01,"PCV13","2-64"
2011-02-28,"65+",1,2011,2,2011-02-01,"PCV13","65+"
2011-03-07,"15-44",2,2011,3,2011-03-01,"PCV13","2-64"
2011-03-07,"45-64",2,2011,3,2011-03-01,"PCV13","2-64"
2011-03-07,"65+",2,2011,3,2011-03-01,"PCV13","65+"
2011-03-14,"45-64",2,2011,3,2011-03-01,"PCV13","2-64"
2011-03-14,"65+",2,2011,3,2011-03-01,"PCV13","65+"
2011-03-21,"2-4",1,2011,3,2011-03-01,"PCV13","2-64"
2011-03-21,"15-44",3,2011,3,2011-03-01,"PCV13","2-64"
2011-03-28,"<2",1,2011,3,2011-03-01,"PCV13","<2"
2011-03-28,"45-64",3,2011,3,2011-03-01,"PCV13","2-64"
2011-03-28,"65+",1,2011,3,2011-03-01,"PCV13","65+"
2011-04-04,"65+",1,2011,4,2011-04-01,"PCV13","65+"
2011-04-04,"Unknown",1,2011,4,2011-04-01,"PCV13","Unknown"
2011-04-11,"65+",2,2011,4,2011-04-01,"PCV13","65+"
2011-04-18,"<2",1,2011,4,2011-04-01,"PCV13","<2"
2011-04-18,"15-44",1,2011,4,2011-04-01,"PCV13","2-64"
2011-04-18,"45-64",1,2011,4,2011-04-01,"PCV13","2-64"
2011-04-25,"15-44",1,2011,4,2011-04-01,"PCV13","2-64"
2011-04-25,"45-64",2,2011,4,2011-04-01,"PCV13","2-64"
2011-04-25,"65+",1,2011,4,2011-04-01,"PCV13","65+"
2011-05-02,"15-44",1,2011,5,2011-05-01,"PCV13","2-64"
2011-05-09,"15-44",1,2011,5,2011-05-01,"PCV13","2-64"
2011-05-09,"45-64",2,2011,5,2011-05-01,"PCV13","2-64"
2011-05-16,"45-64",1,2011,5,2011-05-01,"PCV13","2-64"
2011-05-16,"65+",1,2011,5,2011-05-01,"PCV13","65+"
2011-05-23,"2-4",1,2011,5,2011-05-01,"PCV13","2-64"
2011-05-23,"15-44",2,2011,5,2011-05-01,"PCV13","2-64"
2011-05-23,"45-64",3,2011,5,2011-05-01,"PCV13","2-64"
2011-05-23,"65+",1,2011,5,2011-05-01,"PCV13","65+"
2011-05-30,"15-44",1,2011,5,2011-05-01,"PCV13","2-64"
2011-06-06,"65+",1,2011,6,2011-06-01,"PCV13","65+"
2011-06-13,"45-64",3,2011,6,2011-06-01,"PCV13","2-64"
2011-06-20,"15-44",1,2011,6,2011-06-01,"PCV13","2-64"
2011-06-27,"<2",1,2011,6,2011-06-01,"PCV13","<2"
2011-06-27,"15-44",1,2011,6,2011-06-01,"PCV13","2-64"
2011-06-27,"65+",1,2011,6,2011-06-01,"PCV13","65+"
2011-07-04,"15-44",1,2011,7,2011-07-01,"PCV13","2-64"
2011-07-04,"45-64",4,2011,7,2011-07-01,"PCV13","2-64"
2011-07-11,"65+",1,2011,7,2011-07-01,"PCV13","65+"
2011-07-25,"15-44",1,2011,7,2011-07-01,"PCV13","2-64"
2011-07-25,"45-64",1,2011,7,2011-07-01,"PCV13","2-64"
2011-07-25,"65+",1,2011,7,2011-07-01,"PCV13","65+"
2011-08-01,"65+",2,2011,8,2011-08-01,"PCV13","65+"
2011-08-15,"45-64",1,2011,8,2011-08-01,"PCV13","2-64"
2011-08-22,"65+",1,2011,8,2011-08-01,"PCV13","65+"
2011-08-29,"65+",1,2011,8,2011-08-01,"PCV13","65+"
2011-09-05,"45-64",1,2011,9,2011-09-01,"PCV13","2-64"
2011-09-19,"15-44",2,2011,9,2011-09-01,"PCV13","2-64"
2011-09-26,"15-44",1,2011,9,2011-09-01,"PCV13","2-64"
2011-09-26,"45-64",1,2011,9,2011-09-01,"PCV13","2-64"
2011-10-03,"15-44",1,2011,10,2011-10-01,"PCV13","2-64"
2011-10-03,"65+",2,2011,10,2011-10-01,"PCV13","65+"
2011-10-17,"15-44",1,2011,10,2011-10-01,"PCV13","2-64"
2011-10-24,"15-44",1,2011,10,2011-10-01,"PCV13","2-64"
2011-10-24,"45-64",2,2011,10,2011-10-01,"PCV13","2-64"
2011-10-24,"65+",1,2011,10,2011-10-01,"PCV13","65+"
2011-10-31,"15-44",1,2011,10,2011-10-01,"PCV13","2-64"
2011-10-31,"45-64",1,2011,10,2011-10-01,"PCV13","2-64"
2011-11-07,"<2",1,2011,11,2011-11-01,"PCV13","<2"
2011-11-07,"5-14",1,2011,11,2011-11-01,"PCV13","2-64"
2011-11-07,"45-64",2,2011,11,2011-11-01,"PCV13","2-64"
2011-11-14,"45-64",3,2011,11,2011-11-01,"PCV13","2-64"
2011-11-21,"<2",1,2011,11,2011-11-01,"PCV13","<2"
2011-11-21,"15-44",2,2011,11,2011-11-01,"PCV13","2-64"
2011-11-21,"45-64",2,2011,11,2011-11-01,"PCV13","2-64"
2011-11-28,"45-64",1,2011,11,2011-11-01,"PCV13","2-64"
2011-12-05,"65+",1,2011,12,2011-12-01,"PCV13","65+"
2011-12-12,"15-44",2,2011,12,2011-12-01,"PCV13","2-64"
2011-12-12,"45-64",1,2011,12,2011-12-01,"PCV13","2-64"
2011-12-12,"65+",1,2011,12,2011-12-01,"PCV13","65+"
2011-12-19,"15-44",1,2011,12,2011-12-01,"PCV13","2-64"
2011-12-19,"45-64",2,2011,12,2011-12-01,"PCV13","2-64"
2011-12-19,"65+",6,2011,12,2011-12-01,"PCV13","65+"
2011-12-26,"2-4",1,2011,12,2011-12-01,"PCV13","2-64"
2011-12-26,"45-64",1,2011,12,2011-12-01,"PCV13","2-64"
2012-01-02,"45-64",2,2012,1,2012-01-01,"PCV13","2-64"
2012-01-02,"65+",1,2012,1,2012-01-01,"PCV13","65+"
2012-01-09,"15-44",1,2012,1,2012-01-01,"PCV13","2-64"
2012-01-09,"45-64",1,2012,1,2012-01-01,"PCV13","2-64"
2012-01-16,"65+",1,2012,1,2012-01-01,"PCV13","65+"
2012-01-23,"45-64",3,2012,1,2012-01-01,"PCV13","2-64"
2012-01-30,"65+",3,2012,1,2012-01-01,"PCV13","65+"
2012-02-06,"15-44",1,2012,2,2012-02-01,"PCV13","2-64"
2012-02-13,"15-44",2,2012,2,2012-02-01,"PCV13","2-64"
2012-02-13,"45-64",1,2012,2,2012-02-01,"PCV13","2-64"
2012-02-13,"65+",3,2012,2,2012-02-01,"PCV13","65+"
2012-02-20,"15-44",1,2012,2,2012-02-01,"PCV13","2-64"
2012-02-20,"45-64",1,2012,2,2012-02-01,"PCV13","2-64"
2012-02-20,"65+",1,2012,2,2012-02-01,"PCV13","65+"
2012-02-27,"45-64",1,2012,2,2012-02-01,"PCV13","2-64"
2012-02-27,"65+",1,2012,2,2012-02-01,"PCV13","65+"
2012-03-05,"15-44",2,2012,3,2012-03-01,"PCV13","2-64"
2012-03-05,"45-64",3,2012,3,2012-03-01,"PCV13","2-64"
2012-03-05,"65+",3,2012,3,2012-03-01,"PCV13","65+"
2012-03-12,"45-64",1,2012,3,2012-03-01,"PCV13","2-64"
2012-03-19,"65+",2,2012,3,2012-03-01,"PCV13","65+"
2012-03-26,"15-44",2,2012,3,2012-03-01,"PCV13","2-64"
2012-03-26,"45-64",2,2012,3,2012-03-01,"PCV13","2-64"
2012-04-02,"65+",1,2012,4,2012-04-01,"PCV13","65+"
2012-04-09,"15-44",1,2012,4,2012-04-01,"PCV13","2-64"
2012-04-16,"2-4",1,2012,4,2012-04-01,"PCV13","2-64"
2012-04-16,"65+",1,2012,4,2012-04-01,"PCV13","65+"
2012-04-23,"45-64",1,2012,4,2012-04-01,"PCV13","2-64"
2012-05-07,"15-44",1,2012,5,2012-05-01,"PCV13","2-64"
2012-05-07,"45-64",2,2012,5,2012-05-01,"PCV13","2-64"
2012-05-14,"15-44",2,2012,5,2012-05-01,"PCV13","2-64"
2012-05-14,"45-64",2,2012,5,2012-05-01,"PCV13","2-64"
2012-05-14,"65+",2,2012,5,2012-05-01,"PCV13","65+"
2012-05-21,"15-44",3,2012,5,2012-05-01,"PCV13","2-64"
2012-05-21,"45-64",2,2012,5,2012-05-01,"PCV13","2-64"
2012-05-21,"65+",1,2012,5,2012-05-01,"PCV13","65+"
2012-05-28,"15-44",2,2012,5,2012-05-01,"PCV13","2-64"
2012-05-28,"45-64",1,2012,5,2012-05-01,"PCV13","2-64"
2012-05-28,"65+",1,2012,5,2012-05-01,"PCV13","65+"
2012-06-04,"45-64",2,2012,6,2012-06-01,"PCV13","2-64"
2012-06-04,"65+",1,2012,6,2012-06-01,"PCV13","65+"
2012-06-11,"15-44",1,2012,6,2012-06-01,"PCV13","2-64"
2012-06-11,"45-64",2,2012,6,2012-06-01,"PCV13","2-64"
2012-06-18,"15-44",1,2012,6,2012-06-01,"PCV13","2-64"
2012-07-09,"15-44",1,2012,7,2012-07-01,"PCV13","2-64"
2012-07-16,"15-44",1,2012,7,2012-07-01,"PCV13","2-64"
2012-07-23,"45-64",1,2012,7,2012-07-01,"PCV13","2-64"
2012-07-23,"65+",1,2012,7,2012-07-01,"PCV13","65+"
2012-07-30,"45-64",1,2012,7,2012-07-01,"PCV13","2-64"
2012-08-06,"45-64",1,2012,8,2012-08-01,"PCV13","2-64"
2012-08-06,"65+",1,2012,8,2012-08-01,"PCV13","65+"
2012-08-13,"45-64",1,2012,8,2012-08-01,"PCV13","2-64"
2012-08-20,"45-64",2,2012,8,2012-08-01,"PCV13","2-64"
2012-09-03,"<2",1,2012,9,2012-09-01,"PCV13","<2"
2012-09-10,"15-44",1,2012,9,2012-09-01,"PCV13","2-64"
2012-09-10,"65+",1,2012,9,2012-09-01,"PCV13","65+"
2012-09-17,"2-4",1,2012,9,2012-09-01,"PCV13","2-64"
2012-09-24,"15-44",1,2012,9,2012-09-01,"PCV13","2-64"
2012-10-01,"65+",1,2012,10,2012-10-01,"PCV13","65+"
2012-10-08,"45-64",1,2012,10,2012-10-01,"PCV13","2-64"
2012-10-29,"15-44",1,2012,10,2012-10-01,"PCV13","2-64"
2012-11-05,"45-64",1,2012,11,2012-11-01,"PCV13","2-64"
2012-11-05,"65+",1,2012,11,2012-11-01,"PCV13","65+"
2012-11-12,"15-44",3,2012,11,2012-11-01,"PCV13","2-64"
2012-11-12,"45-64",1,2012,11,2012-11-01,"PCV13","2-64"
2012-11-19,"15-44",1,2012,11,2012-11-01,"PCV13","2-64"
2012-11-19,"45-64",1,2012,11,2012-11-01,"PCV13","2-64"
2012-11-19,"65+",1,2012,11,2012-11-01,"PCV13","65+"
2012-11-26,"<2",1,2012,11,2012-11-01,"PCV13","<2"
2012-11-26,"65+",1,2012,11,2012-11-01,"PCV13","65+"
2012-12-03,"65+",3,2012,12,2012-12-01,"PCV13","65+"
2012-12-10,"45-64",7,2012,12,2012-12-01,"PCV13","2-64"
2012-12-10,"65+",3,2012,12,2012-12-01,"PCV13","65+"
2012-12-17,"15-44",1,2012,12,2012-12-01,"PCV13","2-64"
2012-12-17,"45-64",3,2012,12,2012-12-01,"PCV13","2-64"
2012-12-17,"65+",1,2012,12,2012-12-01,"PCV13","65+"
2012-12-24,"15-44",3,2012,12,2012-12-01,"PCV13","2-64"
2012-12-24,"45-64",2,2012,12,2012-12-01,"PCV13","2-64"
2012-12-24,"65+",4,2012,12,2012-12-01,"PCV13","65+"
2012-12-31,"<2",1,2012,12,2012-12-01,"PCV13","<2"
2012-12-31,"5-14",1,2012,12,2012-12-01,"PCV13","2-64"
2012-12-31,"45-64",7,2012,12,2012-12-01,"PCV13","2-64"
2012-12-31,"65+",8,2012,12,2012-12-01,"PCV13","65+"
2013-01-07,"15-44",2,2013,1,2013-01-01,"PCV13","2-64"
2013-01-07,"45-64",2,2013,1,2013-01-01,"PCV13","2-64"
2013-01-14,"<2",1,2013,1,2013-01-01,"PCV13","<2"
2013-01-14,"5-14",1,2013,1,2013-01-01,"PCV13","2-64"
2013-01-14,"45-64",3,2013,1,2013-01-01,"PCV13","2-64"
2013-01-21,"65+",2,2013,1,2013-01-01,"PCV13","65+"
2013-02-04,"2-4",1,2013,2,2013-02-01,"PCV13","2-64"
2013-02-04,"15-44",1,2013,2,2013-02-01,"PCV13","2-64"
2013-02-04,"45-64",1,2013,2,2013-02-01,"PCV13","2-64"
2013-02-11,"15-44",1,2013,2,2013-02-01,"PCV13","2-64"
2013-02-11,"45-64",3,2013,2,2013-02-01,"PCV13","2-64"
2013-02-18,"2-4",1,2013,2,2013-02-01,"PCV13","2-64"
2013-02-18,"15-44",1,2013,2,2013-02-01,"PCV13","2-64"
2013-02-18,"45-64",2,2013,2,2013-02-01,"PCV13","2-64"
2013-02-18,"65+",1,2013,2,2013-02-01,"PCV13","65+"
2013-02-25,"15-44",1,2013,2,2013-02-01,"PCV13","2-64"
2013-02-25,"45-64",4,2013,2,2013-02-01,"PCV13","2-64"
2013-02-25,"65+",1,2013,2,2013-02-01,"PCV13","65+"
2013-03-04,"15-44",1,2013,3,2013-03-01,"PCV13","2-64"
2013-03-04,"65+",1,2013,3,2013-03-01,"PCV13","65+"
2013-03-11,"15-44",2,2013,3,2013-03-01,"PCV13","2-64"
2013-03-11,"65+",2,2013,3,2013-03-01,"PCV13","65+"
2013-03-18,"15-44",1,2013,3,2013-03-01,"PCV13","2-64"
2013-03-18,"45-64",3,2013,3,2013-03-01,"PCV13","2-64"
2013-03-25,"<2",1,2013,3,2013-03-01,"PCV13","<2"
2013-03-25,"45-64",1,2013,3,2013-03-01,"PCV13","2-64"
2013-03-25,"65+",1,2013,3,2013-03-01,"PCV13","65+"
2013-04-01,"15-44",1,2013,4,2013-04-01,"PCV13","2-64"
2013-04-01,"65+",3,2013,4,2013-04-01,"PCV13","65+"
2013-04-08,"45-64",4,2013,4,2013-04-01,"PCV13","2-64"
2013-04-08,"65+",3,2013,4,2013-04-01,"PCV13","65+"
2013-04-15,"5-14",1,2013,4,2013-04-01,"PCV13","2-64"
2013-04-15,"15-44",1,2013,4,2013-04-01,"PCV13","2-64"
2013-04-15,"45-64",1,2013,4,2013-04-01,"PCV13","2-64"
2013-04-15,"65+",1,2013,4,2013-04-01,"PCV13","65+"
2013-04-22,"<2",1,2013,4,2013-04-01,"PCV13","<2"
2013-04-22,"2-4",1,2013,4,2013-04-01,"PCV13","2-64"
2013-04-22,"45-64",1,2013,4,2013-04-01,"PCV13","2-64"
2013-04-29,"2-4",1,2013,4,2013-04-01,"PCV13","2-64"
2013-04-29,"15-44",2,2013,4,2013-04-01,"PCV13","2-64"
2013-04-29,"65+",1,2013,4,2013-04-01,"PCV13","65+"
2013-05-06,"15-44",1,2013,5,2013-05-01,"PCV13","2-64"
2013-05-06,"45-64",1,2013,5,2013-05-01,"PCV13","2-64"
2013-05-06,"65+",1,2013,5,2013-05-01,"PCV13","65+"
2013-05-13,"45-64",1,2013,5,2013-05-01,"PCV13","2-64"
2013-05-13,"65+",1,2013,5,2013-05-01,"PCV13","65+"
2013-05-20,"2-4",2,2013,5,2013-05-01,"PCV13","2-64"
2013-05-20,"15-44",1,2013,5,2013-05-01,"PCV13","2-64"
2013-05-20,"45-64",1,2013,5,2013-05-01,"PCV13","2-64"
2013-05-27,"15-44",2,2013,5,2013-05-01,"PCV13","2-64"
2013-05-27,"45-64",1,2013,5,2013-05-01,"PCV13","2-64"
2013-05-27,"65+",2,2013,5,2013-05-01,"PCV13","65+"
2013-06-03,"15-44",2,2013,6,2013-06-01,"PCV13","2-64"
2013-06-03,"45-64",2,2013,6,2013-06-01,"PCV13","2-64"
2013-06-03,"65+",2,2013,6,2013-06-01,"PCV13","65+"
2013-06-10,"<2",1,2013,6,2013-06-01,"PCV13","<2"
2013-06-10,"15-44",1,2013,6,2013-06-01,"PCV13","2-64"
2013-06-10,"45-64",1,2013,6,2013-06-01,"PCV13","2-64"
2013-06-17,"65+",1,2013,6,2013-06-01,"PCV13","65+"
2013-06-24,"2-4",1,2013,6,2013-06-01,"PCV13","2-64"
2013-07-08,"15-44",2,2013,7,2013-07-01,"PCV13","2-64"
2013-07-08,"65+",2,2013,7,2013-07-01,"PCV13","65+"
2013-07-15,"45-64",1,2013,7,2013-07-01,"PCV13","2-64"
2013-07-22,"<2",1,2013,7,2013-07-01,"PCV13","<2"
2013-07-29,"45-64",3,2013,7,2013-07-01,"PCV13","2-64"
2013-08-12,"65+",1,2013,8,2013-08-01,"PCV13","65+"
2013-08-26,"15-44",1,2013,8,2013-08-01,"PCV13","2-64"
2013-09-16,"15-44",1,2013,9,2013-09-01,"PCV13","2-64"
2013-09-16,"65+",2,2013,9,2013-09-01,"PCV13","65+"
2013-09-23,"5-14",2,2013,9,2013-09-01,"PCV13","2-64"
2013-09-23,"15-44",1,2013,9,2013-09-01,"PCV13","2-64"
2013-09-23,"45-64",2,2013,9,2013-09-01,"PCV13","2-64"
2013-09-30,"15-44",1,2013,9,2013-09-01,"PCV13","2-64"
2013-09-30,"45-64",2,2013,9,2013-09-01,"PCV13","2-64"
2013-10-07,"45-64",1,2013,10,2013-10-01,"PCV13","2-64"
2013-10-14,"15-44",1,2013,10,2013-10-01,"PCV13","2-64"
2013-10-14,"45-64",1,2013,10,2013-10-01,"PCV13","2-64"
2013-10-14,"65+",1,2013,10,2013-10-01,"PCV13","65+"
2013-10-21,"45-64",1,2013,10,2013-10-01,"PCV13","2-64"
2013-11-04,"15-44",1,2013,11,2013-11-01,"PCV13","2-64"
2013-11-04,"45-64",2,2013,11,2013-11-01,"PCV13","2-64"
2013-11-04,"65+",2,2013,11,2013-11-01,"PCV13","65+"
2013-11-11,"15-44",1,2013,11,2013-11-01,"PCV13","2-64"
2013-11-11,"45-64",1,2013,11,2013-11-01,"PCV13","2-64"
2013-11-11,"65+",1,2013,11,2013-11-01,"PCV13","65+"
2013-11-18,"65+",2,2013,11,2013-11-01,"PCV13","65+"
2013-11-25,"45-64",1,2013,11,2013-11-01,"PCV13","2-64"
2013-11-25,"65+",1,2013,11,2013-11-01,"PCV13","65+"
2013-12-02,"15-44",1,2013,12,2013-12-01,"PCV13","2-64"
2013-12-02,"45-64",3,2013,12,2013-12-01,"PCV13","2-64"
2013-12-09,"45-64",2,2013,12,2013-12-01,"PCV13","2-64"
2013-12-09,"65+",2,2013,12,2013-12-01,"PCV13","65+"
2013-12-16,"5-14",2,2013,12,2013-12-01,"PCV13","2-64"
2013-12-16,"15-44",3,2013,12,2013-12-01,"PCV13","2-64"
2013-12-16,"45-64",4,2013,12,2013-12-01,"PCV13","2-64"
2013-12-16,"65+",5,2013,12,2013-12-01,"PCV13","65+"
2013-12-23,"15-44",1,2013,12,2013-12-01,"PCV13","2-64"
2013-12-23,"65+",4,2013,12,2013-12-01,"PCV13","65+"
2013-12-30,"<2",1,2013,12,2013-12-01,"PCV13","<2"
2013-12-30,"2-4",1,2013,12,2013-12-01,"PCV13","2-64"
2013-12-30,"15-44",1,2013,12,2013-12-01,"PCV13","2-64"
2013-12-30,"45-64",8,2013,12,2013-12-01,"PCV13","2-64"
2013-12-30,"65+",12,2013,12,2013-12-01,"PCV13","65+"
2014-01-06,"<2",3,2014,1,2014-01-01,"PCV13","<2"
2014-01-06,"15-44",2,2014,1,2014-01-01,"PCV13","2-64"
2014-01-06,"45-64",3,2014,1,2014-01-01,"PCV13","2-64"
2014-01-06,"65+",4,2014,1,2014-01-01,"PCV13","65+"
2014-01-13,"<2",1,2014,1,2014-01-01,"PCV13","<2"
2014-01-13,"65+",2,2014,1,2014-01-01,"PCV13","65+"
2014-01-20,"65+",1,2014,1,2014-01-01,"PCV13","65+"
2014-01-27,"<2",1,2014,1,2014-01-01,"PCV13","<2"
2014-01-27,"2-4",1,2014,1,2014-01-01,"PCV13","2-64"
2014-01-27,"65+",3,2014,1,2014-01-01,"PCV13","65+"
2014-02-03,"2-4",1,2014,2,2014-02-01,"PCV13","2-64"
2014-02-03,"5-14",1,2014,2,2014-02-01,"PCV13","2-64"
2014-02-03,"15-44",2,2014,2,2014-02-01,"PCV13","2-64"
2014-02-03,"45-64",2,2014,2,2014-02-01,"PCV13","2-64"
2014-02-03,"65+",3,2014,2,2014-02-01,"PCV13","65+"
2014-02-10,"15-44",3,2014,2,2014-02-01,"PCV13","2-64"
2014-02-10,"45-64",3,2014,2,2014-02-01,"PCV13","2-64"
2014-02-10,"65+",5,2014,2,2014-02-01,"PCV13","65+"
2014-02-17,"<2",1,2014,2,2014-02-01,"PCV13","<2"
2014-02-17,"15-44",5,2014,2,2014-02-01,"PCV13","2-64"
2014-02-17,"45-64",4,2014,2,2014-02-01,"PCV13","2-64"
2014-02-17,"65+",5,2014,2,2014-02-01,"PCV13","65+"
2014-02-24,"15-44",3,2014,2,2014-02-01,"PCV13","2-64"
2014-02-24,"45-64",1,2014,2,2014-02-01,"PCV13","2-64"
2014-02-24,"65+",6,2014,2,2014-02-01,"PCV13","65+"
2014-03-03,"15-44",1,2014,3,2014-03-01,"PCV13","2-64"
2014-03-03,"45-64",2,2014,3,2014-03-01,"PCV13","2-64"
2014-03-03,"65+",4,2014,3,2014-03-01,"PCV13","65+"
2014-03-10,"15-44",1,2014,3,2014-03-01,"PCV13","2-64"
2014-03-10,"45-64",4,2014,3,2014-03-01,"PCV13","2-64"
2014-03-10,"65+",2,2014,3,2014-03-01,"PCV13","65+"
2014-03-17,"15-44",3,2014,3,2014-03-01,"PCV13","2-64"
2014-03-17,"45-64",2,2014,3,2014-03-01,"PCV13","2-64"
2014-03-17,"65+",1,2014,3,2014-03-01,"PCV13","65+"
2014-03-24,"5-14",1,2014,3,2014-03-01,"PCV13","2-64"
2014-03-24,"15-44",4,2014,3,2014-03-01,"PCV13","2-64"
2014-03-24,"45-64",3,2014,3,2014-03-01,"PCV13","2-64"
2014-03-24,"65+",3,2014,3,2014-03-01,"PCV13","65+"
2014-03-31,"45-64",3,2014,3,2014-03-01,"PCV13","2-64"
2014-03-31,"65+",7,2014,3,2014-03-01,"PCV13","65+"
2014-04-07,"15-44",2,2014,4,2014-04-01,"PCV13","2-64"
2014-04-07,"45-64",1,2014,4,2014-04-01,"PCV13","2-64"
2014-04-07,"65+",3,2014,4,2014-04-01,"PCV13","65+"
2014-04-14,"15-44",2,2014,4,2014-04-01,"PCV13","2-64"
2014-04-14,"45-64",1,2014,4,2014-04-01,"PCV13","2-64"
2014-04-14,"65+",4,2014,4,2014-04-01,"PCV13","65+"
2014-04-21,"15-44",1,2014,4,2014-04-01,"PCV13","2-64"
2014-04-21,"45-64",6,2014,4,2014-04-01,"PCV13","2-64"
2014-04-21,"65+",7,2014,4,2014-04-01,"PCV13","65+"
2014-04-28,"<2",1,2014,4,2014-04-01,"PCV13","<2"
2014-04-28,"45-64",3,2014,4,2014-04-01,"PCV13","2-64"
2014-04-28,"65+",2,2014,4,2014-04-01,"PCV13","65+"
2014-05-05,"15-44",1,2014,5,2014-05-01,"PCV13","2-64"
2014-05-05,"45-64",2,2014,5,2014-05-01,"PCV13","2-64"
2014-05-05,"65+",4,2014,5,2014-05-01,"PCV13","65+"
2014-05-12,"15-44",2,2014,5,2014-05-01,"PCV13","2-64"
2014-05-12,"45-64",2,2014,5,2014-05-01,"PCV13","2-64"
2014-05-12,"65+",1,2014,5,2014-05-01,"PCV13","65+"
2014-05-19,"<2",1,2014,5,2014-05-01,"PCV13","<2"
2014-05-19,"15-44",1,2014,5,2014-05-01,"PCV13","2-64"
2014-05-19,"45-64",3,2014,5,2014-05-01,"PCV13","2-64"
2014-05-26,"65+",2,2014,5,2014-05-01,"PCV13","65+"
2014-06-02,"<2",1,2014,6,2014-06-01,"PCV13","<2"
2014-06-02,"15-44",1,2014,6,2014-06-01,"PCV13","2-64"
2014-06-02,"45-64",2,2014,6,2014-06-01,"PCV13","2-64"
2014-06-02,"65+",1,2014,6,2014-06-01,"PCV13","65+"
2014-06-09,"15-44",1,2014,6,2014-06-01,"PCV13","2-64"
2014-06-09,"45-64",3,2014,6,2014-06-01,"PCV13","2-64"
2014-06-16,"65+",1,2014,6,2014-06-01,"PCV13","65+"
2014-06-23,"<2",1,2014,6,2014-06-01,"PCV13","<2"
2014-06-23,"15-44",2,2014,6,2014-06-01,"PCV13","2-64"
2014-06-23,"45-64",3,2014,6,2014-06-01,"PCV13","2-64"
2014-06-23,"65+",2,2014,6,2014-06-01,"PCV13","65+"
2014-06-30,"5-14",1,2014,6,2014-06-01,"PCV13","2-64"
2014-06-30,"15-44",2,2014,6,2014-06-01,"PCV13","2-64"
2014-06-30,"45-64",6,2014,6,2014-06-01,"PCV13","2-64"
2014-07-07,"45-64",2,2014,7,2014-07-01,"PCV13","2-64"
2014-07-07,"65+",1,2014,7,2014-07-01,"PCV13","65+"
2014-07-14,"15-44",1,2014,7,2014-07-01,"PCV13","2-64"
2014-07-14,"65+",3,2014,7,2014-07-01,"PCV13","65+"
2014-07-21,"65+",1,2014,7,2014-07-01,"PCV13","65+"
2014-07-28,"<2",1,2014,7,2014-07-01,"PCV13","<2"
2014-08-04,"15-44",1,2014,8,2014-08-01,"PCV13","2-64"
2014-08-04,"45-64",1,2014,8,2014-08-01,"PCV13","2-64"
2014-08-11,"15-44",1,2014,8,2014-08-01,"PCV13","2-64"
2014-08-11,"65+",1,2014,8,2014-08-01,"PCV13","65+"
2014-08-25,"65+",2,2014,8,2014-08-01,"PCV13","65+"
2014-09-01,"5-14",1,2014,9,2014-09-01,"PCV13","2-64"
2014-09-01,"45-64",1,2014,9,2014-09-01,"PCV13","2-64"
2014-09-01,"65+",1,2014,9,2014-09-01,"PCV13","65+"
2014-09-08,"5-14",1,2014,9,2014-09-01,"PCV13","2-64"
2014-09-08,"15-44",1,2014,9,2014-09-01,"PCV13","2-64"
2014-09-15,"45-64",2,2014,9,2014-09-01,"PCV13","2-64"
2014-09-15,"65+",2,2014,9,2014-09-01,"PCV13","65+"
2014-09-29,"2-4",2,2014,9,2014-09-01,"PCV13","2-64"
2014-09-29,"15-44",1,2014,9,2014-09-01,"PCV13","2-64"
2014-09-29,"45-64",1,2014,9,2014-09-01,"PCV13","2-64"
2014-09-29,"65+",1,2014,9,2014-09-01,"PCV13","65+"
2014-10-06,"15-44",1,2014,10,2014-10-01,"PCV13","2-64"
2014-10-06,"45-64",3,2014,10,2014-10-01,"PCV13","2-64"
2014-10-06,"65+",1,2014,10,2014-10-01,"PCV13","65+"
2014-10-13,"15-44",1,2014,10,2014-10-01,"PCV13","2-64"
2014-10-13,"45-64",2,2014,10,2014-10-01,"PCV13","2-64"
2014-10-13,"65+",1,2014,10,2014-10-01,"PCV13","65+"
2014-10-20,"2-4",1,2014,10,2014-10-01,"PCV13","2-64"
2014-10-20,"15-44",3,2014,10,2014-10-01,"PCV13","2-64"
2014-10-20,"65+",2,2014,10,2014-10-01,"PCV13","65+"
2014-10-27,"15-44",2,2014,10,2014-10-01,"PCV13","2-64"
2014-10-27,"45-64",4,2014,10,2014-10-01,"PCV13","2-64"
2014-10-27,"65+",3,2014,10,2014-10-01,"PCV13","65+"
2014-11-03,"2-4",1,2014,11,2014-11-01,"PCV13","2-64"
2014-11-03,"15-44",1,2014,11,2014-11-01,"PCV13","2-64"
2014-11-03,"45-64",2,2014,11,2014-11-01,"PCV13","2-64"
2014-11-03,"65+",3,2014,11,2014-11-01,"PCV13","65+"
2014-11-10,"15-44",2,2014,11,2014-11-01,"PCV13","2-64"
2014-11-10,"45-64",6,2014,11,2014-11-01,"PCV13","2-64"
2014-11-10,"65+",5,2014,11,2014-11-01,"PCV13","65+"
2014-11-17,"2-4",1,2014,11,2014-11-01,"PCV13","2-64"
2014-11-17,"45-64",2,2014,11,2014-11-01,"PCV13","2-64"
2014-11-17,"65+",3,2014,11,2014-11-01,"PCV13","65+"
2014-11-24,"45-64",4,2014,11,2014-11-01,"PCV13","2-64"
2014-11-24,"65+",2,2014,11,2014-11-01,"PCV13","65+"
2014-12-01,"15-44",2,2014,12,2014-12-01,"PCV13","2-64"
2014-12-01,"65+",3,2014,12,2014-12-01,"PCV13","65+"
2014-12-08,"15-44",2,2014,12,2014-12-01,"PCV13","2-64"
2014-12-08,"45-64",7,2014,12,2014-12-01,"PCV13","2-64"
2014-12-08,"65+",4,2014,12,2014-12-01,"PCV13","65+"
2014-12-15,"5-14",1,2014,12,2014-12-01,"PCV13","2-64"
2014-12-15,"15-44",5,2014,12,2014-12-01,"PCV13","2-64"
2014-12-15,"45-64",3,2014,12,2014-12-01,"PCV13","2-64"
2014-12-15,"65+",6,2014,12,2014-12-01,"PCV13","65+"
2014-12-22,"2-4",1,2014,12,2014-12-01,"PCV13","2-64"
2014-12-22,"15-44",2,2014,12,2014-12-01,"PCV13","2-64"
2014-12-22,"45-64",7,2014,12,2014-12-01,"PCV13","2-64"
2014-12-22,"65+",9,2014,12,2014-12-01,"PCV13","65+"
2014-12-29,"2-4",1,2014,12,2014-12-01,"PCV13","2-64"
2014-12-29,"15-44",9,2014,12,2014-12-01,"PCV13","2-64"
2014-12-29,"45-64",18,2014,12,2014-12-01,"PCV13","2-64"
2014-12-29,"65+",14,2014,12,2014-12-01,"PCV13","65+"
2015-01-05,"<2",2,2015,1,2015-01-01,"PCV13","<2"
2015-01-05,"15-44",3,2015,1,2015-01-01,"PCV13","2-64"
2015-01-05,"45-64",7,2015,1,2015-01-01,"PCV13","2-64"
2015-01-05,"65+",11,2015,1,2015-01-01,"PCV13","65+"
2015-01-12,"45-64",1,2015,1,2015-01-01,"PCV13","2-64"
2015-01-12,"65+",4,2015,1,2015-01-01,"PCV13","65+"
2015-01-19,"15-44",4,2015,1,2015-01-01,"PCV13","2-64"
2015-01-19,"45-64",2,2015,1,2015-01-01,"PCV13","2-64"
2015-01-19,"65+",2,2015,1,2015-01-01,"PCV13","65+"
2015-01-26,"<2",1,2015,1,2015-01-01,"PCV13","<2"
2015-01-26,"2-4",1,2015,1,2015-01-01,"PCV13","2-64"
2015-01-26,"15-44",1,2015,1,2015-01-01,"PCV13","2-64"
2015-01-26,"45-64",3,2015,1,2015-01-01,"PCV13","2-64"
2015-01-26,"65+",5,2015,1,2015-01-01,"PCV13","65+"
2015-02-02,"15-44",5,2015,2,2015-02-01,"PCV13","2-64"
2015-02-02,"45-64",8,2015,2,2015-02-01,"PCV13","2-64"
2015-02-02,"65+",5,2015,2,2015-02-01,"PCV13","65+"
2015-02-09,"<2",1,2015,2,2015-02-01,"PCV13","<2"
2015-02-09,"15-44",4,2015,2,2015-02-01,"PCV13","2-64"
2015-02-09,"45-64",4,2015,2,2015-02-01,"PCV13","2-64"
2015-02-09,"65+",5,2015,2,2015-02-01,"PCV13","65+"
2015-02-16,"2-4",1,2015,2,2015-02-01,"PCV13","2-64"
2015-02-16,"5-14",1,2015,2,2015-02-01,"PCV13","2-64"
2015-02-16,"15-44",5,2015,2,2015-02-01,"PCV13","2-64"
2015-02-16,"45-64",8,2015,2,2015-02-01,"PCV13","2-64"
2015-02-16,"65+",4,2015,2,2015-02-01,"PCV13","65+"
2015-02-23,"<2",2,2015,2,2015-02-01,"PCV13","<2"
2015-02-23,"2-4",2,2015,2,2015-02-01,"PCV13","2-64"
2015-02-23,"15-44",4,2015,2,2015-02-01,"PCV13","2-64"
2015-02-23,"45-64",13,2015,2,2015-02-01,"PCV13","2-64"
2015-02-23,"65+",12,2015,2,2015-02-01,"PCV13","65+"
2015-03-02,"<2",2,2015,3,2015-03-01,"PCV13","<2"
2015-03-02,"15-44",3,2015,3,2015-03-01,"PCV13","2-64"
2015-03-02,"45-64",4,2015,3,2015-03-01,"PCV13","2-64"
2015-03-02,"65+",3,2015,3,2015-03-01,"PCV13","65+"
2015-03-09,"2-4",1,2015,3,2015-03-01,"PCV13","2-64"
2015-03-09,"5-14",1,2015,3,2015-03-01,"PCV13","2-64"
2015-03-09,"15-44",3,2015,3,2015-03-01,"PCV13","2-64"
2015-03-09,"45-64",3,2015,3,2015-03-01,"PCV13","2-64"
2015-03-09,"65+",5,2015,3,2015-03-01,"PCV13","65+"
2015-03-16,"<2",2,2015,3,2015-03-01,"PCV13","<2"
2015-03-16,"2-4",1,2015,3,2015-03-01,"PCV13","2-64"
2015-03-16,"15-44",2,2015,3,2015-03-01,"PCV13","2-64"
2015-03-16,"45-64",7,2015,3,2015-03-01,"PCV13","2-64"
2015-03-16,"65+",5,2015,3,2015-03-01,"PCV13","65+"
2015-03-23,"<2",1,2015,3,2015-03-01,"PCV13","<2"
2015-03-23,"2-4",1,2015,3,2015-03-01,"PCV13","2-64"
2015-03-23,"5-14",1,2015,3,2015-03-01,"PCV13","2-64"
2015-03-23,"15-44",5,2015,3,2015-03-01,"PCV13","2-64"
2015-03-23,"45-64",3,2015,3,2015-03-01,"PCV13","2-64"
2015-03-23,"65+",6,2015,3,2015-03-01,"PCV13","65+"
2015-03-30,"<2",1,2015,3,2015-03-01,"PCV13","<2"
2015-03-30,"15-44",1,2015,3,2015-03-01,"PCV13","2-64"
2015-03-30,"45-64",10,2015,3,2015-03-01,"PCV13","2-64"
2015-03-30,"65+",6,2015,3,2015-03-01,"PCV13","65+"
2015-04-06,"15-44",5,2015,4,2015-04-01,"PCV13","2-64"
2015-04-06,"45-64",8,2015,4,2015-04-01,"PCV13","2-64"
2015-04-06,"65+",5,2015,4,2015-04-01,"PCV13","65+"
2015-04-13,"<2",2,2015,4,2015-04-01,"PCV13","<2"
2015-04-13,"45-64",7,2015,4,2015-04-01,"PCV13","2-64"
2015-04-13,"65+",4,2015,4,2015-04-01,"PCV13","65+"
2015-04-20,"2-4",1,2015,4,2015-04-01,"PCV13","2-64"
2015-04-20,"5-14",1,2015,4,2015-04-01,"PCV13","2-64"
2015-04-20,"15-44",2,2015,4,2015-04-01,"PCV13","2-64"
2015-04-20,"45-64",7,2015,4,2015-04-01,"PCV13","2-64"
2015-04-20,"65+",6,2015,4,2015-04-01,"PCV13","65+"
2015-04-27,"15-44",2,2015,4,2015-04-01,"PCV13","2-64"
2015-04-27,"45-64",3,2015,4,2015-04-01,"PCV13","2-64"
2015-04-27,"65+",1,2015,4,2015-04-01,"PCV13","65+"
2015-05-04,"<2",1,2015,5,2015-05-01,"PCV13","<2"
2015-05-04,"15-44",2,2015,5,2015-05-01,"PCV13","2-64"
2015-05-04,"45-64",4,2015,5,2015-05-01,"PCV13","2-64"
2015-05-04,"65+",4,2015,5,2015-05-01,"PCV13","65+"
2015-05-11,"<2",1,2015,5,2015-05-01,"PCV13","<2"
2015-05-11,"15-44",3,2015,5,2015-05-01,"PCV13","2-64"
2015-05-11,"45-64",10,2015,5,2015-05-01,"PCV13","2-64"
2015-05-11,"65+",2,2015,5,2015-05-01,"PCV13","65+"
2015-05-18,"<2",1,2015,5,2015-05-01,"PCV13","<2"
2015-05-18,"15-44",5,2015,5,2015-05-01,"PCV13","2-64"
2015-05-18,"45-64",8,2015,5,2015-05-01,"PCV13","2-64"
2015-05-18,"65+",10,2015,5,2015-05-01,"PCV13","65+"
2015-05-25,"<2",1,2015,5,2015-05-01,"PCV13","<2"
2015-05-25,"15-44",4,2015,5,2015-05-01,"PCV13","2-64"
2015-05-25,"45-64",6,2015,5,2015-05-01,"PCV13","2-64"
2015-05-25,"65+",2,2015,5,2015-05-01,"PCV13","65+"
2015-06-01,"15-44",5,2015,6,2015-06-01,"PCV13","2-64"
2015-06-01,"45-64",7,2015,6,2015-06-01,"PCV13","2-64"
2015-06-01,"65+",6,2015,6,2015-06-01,"PCV13","65+"
2015-06-08,"15-44",1,2015,6,2015-06-01,"PCV13","2-64"
2015-06-08,"45-64",3,2015,6,2015-06-01,"PCV13","2-64"
2015-06-08,"65+",3,2015,6,2015-06-01,"PCV13","65+"
2015-06-15,"<2",2,2015,6,2015-06-01,"PCV13","<2"
2015-06-15,"2-4",1,2015,6,2015-06-01,"PCV13","2-64"
2015-06-15,"45-64",4,2015,6,2015-06-01,"PCV13","2-64"
2015-06-15,"65+",1,2015,6,2015-06-01,"PCV13","65+"
2015-06-22,"<2",1,2015,6,2015-06-01,"PCV13","<2"
2015-06-22,"15-44",1,2015,6,2015-06-01,"PCV13","2-64"
2015-06-22,"45-64",2,2015,6,2015-06-01,"PCV13","2-64"
2015-06-22,"65+",3,2015,6,2015-06-01,"PCV13","65+"
2015-06-29,"<2",1,2015,6,2015-06-01,"PCV13","<2"
2015-06-29,"5-14",1,2015,6,2015-06-01,"PCV13","2-64"
2015-06-29,"15-44",1,2015,6,2015-06-01,"PCV13","2-64"
2015-06-29,"45-64",2,2015,6,2015-06-01,"PCV13","2-64"
2015-06-29,"65+",3,2015,6,2015-06-01,"PCV13","65+"
2015-07-06,"15-44",1,2015,7,2015-07-01,"PCV13","2-64"
2015-07-06,"45-64",3,2015,7,2015-07-01,"PCV13","2-64"
2015-07-06,"65+",2,2015,7,2015-07-01,"PCV13","65+"
2015-07-13,"15-44",2,2015,7,2015-07-01,"PCV13","2-64"
2015-07-13,"45-64",1,2015,7,2015-07-01,"PCV13","2-64"
2015-07-20,"<2",2,2015,7,2015-07-01,"PCV13","<2"
2015-07-20,"15-44",1,2015,7,2015-07-01,"PCV13","2-64"
2015-07-20,"45-64",4,2015,7,2015-07-01,"PCV13","2-64"
2015-07-20,"65+",2,2015,7,2015-07-01,"PCV13","65+"
2015-07-27,"<2",1,2015,7,2015-07-01,"PCV13","<2"
2015-07-27,"5-14",1,2015,7,2015-07-01,"PCV13","2-64"
2015-07-27,"45-64",2,2015,7,2015-07-01,"PCV13","2-64"
2015-07-27,"65+",2,2015,7,2015-07-01,"PCV13","65+"
2015-08-03,"2-4",1,2015,8,2015-08-01,"PCV13","2-64"
2015-08-03,"15-44",1,2015,8,2015-08-01,"PCV13","2-64"
2015-08-03,"45-64",3,2015,8,2015-08-01,"PCV13","2-64"
2015-08-03,"65+",1,2015,8,2015-08-01,"PCV13","65+"
2015-08-10,"15-44",1,2015,8,2015-08-01,"PCV13","2-64"
2015-08-17,"<2",1,2015,8,2015-08-01,"PCV13","<2"
2015-08-17,"45-64",3,2015,8,2015-08-01,"PCV13","2-64"
2015-08-17,"65+",3,2015,8,2015-08-01,"PCV13","65+"
2015-08-31,"<2",1,2015,8,2015-08-01,"PCV13","<2"
2015-08-31,"45-64",1,2015,8,2015-08-01,"PCV13","2-64"
2015-08-31,"65+",1,2015,8,2015-08-01,"PCV13","65+"
2015-09-07,"65+",1,2015,9,2015-09-01,"PCV13","65+"
2015-09-14,"45-64",1,2015,9,2015-09-01,"PCV13","2-64"
2015-09-14,"65+",1,2015,9,2015-09-01,"PCV13","65+"
2015-09-21,"15-44",2,2015,9,2015-09-01,"PCV13","2-64"
2015-09-21,"45-64",4,2015,9,2015-09-01,"PCV13","2-64"
2015-09-21,"65+",3,2015,9,2015-09-01,"PCV13","65+"
2015-09-28,"15-44",5,2015,9,2015-09-01,"PCV13","2-64"
2015-09-28,"45-64",4,2015,9,2015-09-01,"PCV13","2-64"
2015-09-28,"65+",3,2015,9,2015-09-01,"PCV13","65+"
2015-10-05,"<2",1,2015,10,2015-10-01,"PCV13","<2"
2015-10-05,"2-4",1,2015,10,2015-10-01,"PCV13","2-64"
2015-10-05,"15-44",1,2015,10,2015-10-01,"PCV13","2-64"
2015-10-05,"45-64",3,2015,10,2015-10-01,"PCV13","2-64"
2015-10-05,"65+",6,2015,10,2015-10-01,"PCV13","65+"
2015-10-12,"<2",1,2015,10,2015-10-01,"PCV13","<2"
2015-10-12,"15-44",3,2015,10,2015-10-01,"PCV13","2-64"
2015-10-12,"45-64",5,2015,10,2015-10-01,"PCV13","2-64"
2015-10-12,"65+",2,2015,10,2015-10-01,"PCV13","65+"
2015-10-19,"15-44",4,2015,10,2015-10-01,"PCV13","2-64"
2015-10-19,"45-64",3,2015,10,2015-10-01,"PCV13","2-64"
2015-10-19,"65+",1,2015,10,2015-10-01,"PCV13","65+"
2015-10-26,"2-4",2,2015,10,2015-10-01,"PCV13","2-64"
2015-10-26,"15-44",3,2015,10,2015-10-01,"PCV13","2-64"
2015-10-26,"45-64",6,2015,10,2015-10-01,"PCV13","2-64"
2015-10-26,"65+",5,2015,10,2015-10-01,"PCV13","65+"
2015-11-02,"5-14",1,2015,11,2015-11-01,"PCV13","2-64"
2015-11-02,"15-44",2,2015,11,2015-11-01,"PCV13","2-64"
2015-11-02,"45-64",3,2015,11,2015-11-01,"PCV13","2-64"
2015-11-02,"65+",4,2015,11,2015-11-01,"PCV13","65+"
2015-11-09,"15-44",2,2015,11,2015-11-01,"PCV13","2-64"
2015-11-09,"45-64",4,2015,11,2015-11-01,"PCV13","2-64"
2015-11-09,"65+",3,2015,11,2015-11-01,"PCV13","65+"
2015-11-16,"15-44",1,2015,11,2015-11-01,"PCV13","2-64"
2015-11-16,"45-64",2,2015,11,2015-11-01,"PCV13","2-64"
2015-11-16,"65+",1,2015,11,2015-11-01,"PCV13","65+"
2015-11-23,"15-44",3,2015,11,2015-11-01,"PCV13","2-64"
2015-11-23,"45-64",5,2015,11,2015-11-01,"PCV13","2-64"
2015-11-23,"65+",3,2015,11,2015-11-01,"PCV13","65+"
2015-11-30,"<2",1,2015,11,2015-11-01,"PCV13","<2"
2015-11-30,"15-44",2,2015,11,2015-11-01,"PCV13","2-64"
2015-11-30,"45-64",9,2015,11,2015-11-01,"PCV13","2-64"
2015-11-30,"65+",3,2015,11,2015-11-01,"PCV13","65+"
2015-12-07,"2-4",2,2015,12,2015-12-01,"PCV13","2-64"
2015-12-07,"15-44",8,2015,12,2015-12-01,"PCV13","2-64"
2015-12-07,"45-64",2,2015,12,2015-12-01,"PCV13","2-64"
2015-12-07,"65+",4,2015,12,2015-12-01,"PCV13","65+"
2015-12-14,"<2",1,2015,12,2015-12-01,"PCV13","<2"
2015-12-14,"15-44",5,2015,12,2015-12-01,"PCV13","2-64"
2015-12-14,"45-64",2,2015,12,2015-12-01,"PCV13","2-64"
2015-12-14,"65+",5,2015,12,2015-12-01,"PCV13","65+"
2015-12-21,"2-4",1,2015,12,2015-12-01,"PCV13","2-64"
2015-12-21,"15-44",2,2015,12,2015-12-01,"PCV13","2-64"
2015-12-21,"45-64",6,2015,12,2015-12-01,"PCV13","2-64"
2015-12-21,"65+",5,2015,12,2015-12-01,"PCV13","65+"
2015-12-28,"2-4",2,2015,12,2015-12-01,"PCV13","2-64"
2015-12-28,"15-44",3,2015,12,2015-12-01,"PCV13","2-64"
2015-12-28,"45-64",9,2015,12,2015-12-01,"PCV13","2-64"
2015-12-28,"65+",11,2015,12,2015-12-01,"PCV13","65+"
2016-01-04,"<2",1,2016,1,2016-01-01,"PCV13","<2"
2016-01-04,"15-44",3,2016,1,2016-01-01,"PCV13","2-64"
2016-01-04,"45-64",4,2016,1,2016-01-01,"PCV13","2-64"
2016-01-04,"65+",3,2016,1,2016-01-01,"PCV13","65+"
2016-01-11,"15-44",2,2016,1,2016-01-01,"PCV13","2-64"
2016-01-11,"45-64",3,2016,1,2016-01-01,"PCV13","2-64"
2016-01-11,"65+",1,2016,1,2016-01-01,"PCV13","65+"
2016-01-18,"<2",2,2016,1,2016-01-01,"PCV13","<2"
2016-01-18,"15-44",2,2016,1,2016-01-01,"PCV13","2-64"
2016-01-18,"45-64",9,2016,1,2016-01-01,"PCV13","2-64"
2016-01-18,"65+",5,2016,1,2016-01-01,"PCV13","65+"
2016-01-25,"<2",1,2016,1,2016-01-01,"PCV13","<2"
2016-01-25,"2-4",1,2016,1,2016-01-01,"PCV13","2-64"
2016-01-25,"15-44",2,2016,1,2016-01-01,"PCV13","2-64"
2016-01-25,"45-64",5,2016,1,2016-01-01,"PCV13","2-64"
2016-01-25,"65+",4,2016,1,2016-01-01,"PCV13","65+"
2016-02-01,"2-4",1,2016,2,2016-02-01,"PCV13","2-64"
2016-02-01,"5-14",2,2016,2,2016-02-01,"PCV13","2-64"
2016-02-01,"15-44",13,2016,2,2016-02-01,"PCV13","2-64"
2016-02-01,"45-64",8,2016,2,2016-02-01,"PCV13","2-64"
2016-02-01,"65+",4,2016,2,2016-02-01,"PCV13","65+"
2016-02-08,"15-44",8,2016,2,2016-02-01,"PCV13","2-64"
2016-02-08,"45-64",11,2016,2,2016-02-01,"PCV13","2-64"
2016-02-08,"65+",4,2016,2,2016-02-01,"PCV13","65+"
2016-02-15,"<2",2,2016,2,2016-02-01,"PCV13","<2"
2016-02-15,"2-4",1,2016,2,2016-02-01,"PCV13","2-64"
2016-02-15,"15-44",9,2016,2,2016-02-01,"PCV13","2-64"
2016-02-15,"45-64",5,2016,2,2016-02-01,"PCV13","2-64"
2016-02-15,"65+",11,2016,2,2016-02-01,"PCV13","65+"
2016-02-22,"2-4",1,2016,2,2016-02-01,"PCV13","2-64"
2016-02-22,"15-44",3,2016,2,2016-02-01,"PCV13","2-64"
2016-02-22,"45-64",5,2016,2,2016-02-01,"PCV13","2-64"
2016-02-22,"65+",17,2016,2,2016-02-01,"PCV13","65+"
2016-02-29,"15-44",2,2016,2,2016-02-01,"PCV13","2-64"
2016-02-29,"45-64",5,2016,2,2016-02-01,"PCV13","2-64"
2016-02-29,"65+",8,2016,2,2016-02-01,"PCV13","65+"
2016-03-07,"15-44",7,2016,3,2016-03-01,"PCV13","2-64"
2016-03-07,"45-64",5,2016,3,2016-03-01,"PCV13","2-64"
2016-03-07,"65+",15,2016,3,2016-03-01,"PCV13","65+"
2016-03-14,"2-4",1,2016,3,2016-03-01,"PCV13","2-64"
2016-03-14,"15-44",8,2016,3,2016-03-01,"PCV13","2-64"
2016-03-14,"45-64",9,2016,3,2016-03-01,"PCV13","2-64"
2016-03-14,"65+",6,2016,3,2016-03-01,"PCV13","65+"
2016-03-21,"<2",2,2016,3,2016-03-01,"PCV13","<2"
2016-03-21,"5-14",1,2016,3,2016-03-01,"PCV13","2-64"
2016-03-21,"15-44",4,2016,3,2016-03-01,"PCV13","2-64"
2016-03-21,"45-64",11,2016,3,2016-03-01,"PCV13","2-64"
2016-03-21,"65+",5,2016,3,2016-03-01,"PCV13","65+"
2016-03-28,"<2",1,2016,3,2016-03-01,"PCV13","<2"
2016-03-28,"15-44",8,2016,3,2016-03-01,"PCV13","2-64"
2016-03-28,"45-64",8,2016,3,2016-03-01,"PCV13","2-64"
2016-03-28,"65+",9,2016,3,2016-03-01,"PCV13","65+"
2016-04-04,"<2",1,2016,4,2016-04-01,"PCV13","<2"
2016-04-04,"15-44",8,2016,4,2016-04-01,"PCV13","2-64"
2016-04-04,"45-64",6,2016,4,2016-04-01,"PCV13","2-64"
2016-04-04,"65+",4,2016,4,2016-04-01,"PCV13","65+"
2016-04-11,"15-44",3,2016,4,2016-04-01,"PCV13","2-64"
2016-04-11,"45-64",10,2016,4,2016-04-01,"PCV13","2-64"
2016-04-11,"65+",7,2016,4,2016-04-01,"PCV13","65+"
2016-04-18,"<2",2,2016,4,2016-04-01,"PCV13","<2"
2016-04-18,"5-14",1,2016,4,2016-04-01,"PCV13","2-64"
2016-04-18,"15-44",4,2016,4,2016-04-01,"PCV13","2-64"
2016-04-18,"45-64",3,2016,4,2016-04-01,"PCV13","2-64"
2016-04-18,"65+",4,2016,4,2016-04-01,"PCV13","65+"
2016-04-25,"<2",1,2016,4,2016-04-01,"PCV13","<2"
2016-04-25,"15-44",4,2016,4,2016-04-01,"PCV13","2-64"
2016-04-25,"45-64",6,2016,4,2016-04-01,"PCV13","2-64"
2016-04-25,"65+",5,2016,4,2016-04-01,"PCV13","65+"
2016-05-02,"2-4",1,2016,5,2016-05-01,"PCV13","2-64"
2016-05-02,"15-44",8,2016,5,2016-05-01,"PCV13","2-64"
2016-05-02,"45-64",6,2016,5,2016-05-01,"PCV13","2-64"
2016-05-02,"65+",7,2016,5,2016-05-01,"PCV13","65+"
2016-05-09,"5-14",2,2016,5,2016-05-01,"PCV13","2-64"
2016-05-09,"15-44",5,2016,5,2016-05-01,"PCV13","2-64"
2016-05-09,"45-64",9,2016,5,2016-05-01,"PCV13","2-64"
2016-05-09,"65+",7,2016,5,2016-05-01,"PCV13","65+"
2016-05-16,"15-44",1,2016,5,2016-05-01,"PCV13","2-64"
2016-05-16,"45-64",9,2016,5,2016-05-01,"PCV13","2-64"
2016-05-16,"65+",8,2016,5,2016-05-01,"PCV13","65+"
2016-05-23,"15-44",5,2016,5,2016-05-01,"PCV13","2-64"
2016-05-23,"45-64",7,2016,5,2016-05-01,"PCV13","2-64"
2016-05-23,"65+",9,2016,5,2016-05-01,"PCV13","65+"
2016-05-30,"<2",1,2016,5,2016-05-01,"PCV13","<2"
2016-05-30,"15-44",3,2016,5,2016-05-01,"PCV13","2-64"
2016-05-30,"45-64",4,2016,5,2016-05-01,"PCV13","2-64"
2016-05-30,"65+",2,2016,5,2016-05-01,"PCV13","65+"
2016-06-06,"15-44",3,2016,6,2016-06-01,"PCV13","2-64"
2016-06-06,"45-64",5,2016,6,2016-06-01,"PCV13","2-64"
2016-06-06,"65+",6,2016,6,2016-06-01,"PCV13","65+"
2016-06-13,"15-44",1,2016,6,2016-06-01,"PCV13","2-64"
2016-06-13,"45-64",4,2016,6,2016-06-01,"PCV13","2-64"
2016-06-13,"65+",3,2016,6,2016-06-01,"PCV13","65+"
2016-06-20,"15-44",1,2016,6,2016-06-01,"PCV13","2-64"
2016-06-20,"45-64",3,2016,6,2016-06-01,"PCV13","2-64"
2016-06-20,"65+",1,2016,6,2016-06-01,"PCV13","65+"
2016-06-27,"15-44",1,2016,6,2016-06-01,"PCV13","2-64"
2016-06-27,"45-64",1,2016,6,2016-06-01,"PCV13","2-64"
2016-06-27,"65+",1,2016,6,2016-06-01,"PCV13","65+"
2016-07-04,"2-4",1,2016,7,2016-07-01,"PCV13","2-64"
2016-07-04,"15-44",2,2016,7,2016-07-01,"PCV13","2-64"
2016-07-04,"45-64",1,2016,7,2016-07-01,"PCV13","2-64"
2016-07-04,"65+",5,2016,7,2016-07-01,"PCV13","65+"
2016-07-11,"2-4",1,2016,7,2016-07-01,"PCV13","2-64"
2016-07-11,"15-44",1,2016,7,2016-07-01,"PCV13","2-64"
2016-07-11,"45-64",2,2016,7,2016-07-01,"PCV13","2-64"
2016-07-11,"65+",4,2016,7,2016-07-01,"PCV13","65+"
2016-07-18,"15-44",3,2016,7,2016-07-01,"PCV13","2-64"
2016-07-18,"45-64",5,2016,7,2016-07-01,"PCV13","2-64"
2016-07-18,"65+",3,2016,7,2016-07-01,"PCV13","65+"
2016-07-25,"45-64",2,2016,7,2016-07-01,"PCV13","2-64"
2016-07-25,"65+",6,2016,7,2016-07-01,"PCV13","65+"
2016-08-01,"2-4",1,2016,8,2016-08-01,"PCV13","2-64"
2016-08-01,"5-14",1,2016,8,2016-08-01,"PCV13","2-64"
2016-08-01,"15-44",2,2016,8,2016-08-01,"PCV13","2-64"
2016-08-01,"45-64",2,2016,8,2016-08-01,"PCV13","2-64"
2016-08-01,"65+",3,2016,8,2016-08-01,"PCV13","65+"
2016-08-08,"15-44",2,2016,8,2016-08-01,"PCV13","2-64"
2016-08-08,"45-64",2,2016,8,2016-08-01,"PCV13","2-64"
2016-08-08,"65+",3,2016,8,2016-08-01,"PCV13","65+"
2016-08-15,"45-64",1,2016,8,2016-08-01,"PCV13","2-64"
2016-08-15,"65+",1,2016,8,2016-08-01,"PCV13","65+"
2016-08-22,"45-64",3,2016,8,2016-08-01,"PCV13","2-64"
2016-08-22,"65+",4,2016,8,2016-08-01,"PCV13","65+"
2016-08-29,"15-44",2,2016,8,2016-08-01,"PCV13","2-64"
2016-08-29,"65+",1,2016,8,2016-08-01,"PCV13","65+"
2016-09-05,"<2",1,2016,9,2016-09-01,"PCV13","<2"
2016-09-05,"15-44",1,2016,9,2016-09-01,"PCV13","2-64"
2016-09-05,"45-64",3,2016,9,2016-09-01,"PCV13","2-64"
2016-09-05,"65+",1,2016,9,2016-09-01,"PCV13","65+"
2016-09-12,"65+",2,2016,9,2016-09-01,"PCV13","65+"
2016-09-19,"2-4",1,2016,9,2016-09-01,"PCV13","2-64"
2016-09-19,"15-44",1,2016,9,2016-09-01,"PCV13","2-64"
2016-09-19,"65+",1,2016,9,2016-09-01,"PCV13","65+"
2016-09-26,"<2",1,2016,9,2016-09-01,"PCV13","<2"
2016-09-26,"15-44",1,2016,9,2016-09-01,"PCV13","2-64"
2016-09-26,"45-64",1,2016,9,2016-09-01,"PCV13","2-64"
2016-09-26,"65+",2,2016,9,2016-09-01,"PCV13","65+"
2016-10-03,"<2",1,2016,10,2016-10-01,"PCV13","<2"
2016-10-03,"5-14",1,2016,10,2016-10-01,"PCV13","2-64"
2016-10-03,"15-44",4,2016,10,2016-10-01,"PCV13","2-64"
2016-10-03,"45-64",2,2016,10,2016-10-01,"PCV13","2-64"
2016-10-03,"65+",2,2016,10,2016-10-01,"PCV13","65+"
2016-10-10,"15-44",1,2016,10,2016-10-01,"PCV13","2-64"
2016-10-10,"45-64",10,2016,10,2016-10-01,"PCV13","2-64"
2016-10-10,"65+",6,2016,10,2016-10-01,"PCV13","65+"
2016-10-17,"15-44",1,2016,10,2016-10-01,"PCV13","2-64"
2016-10-17,"45-64",5,2016,10,2016-10-01,"PCV13","2-64"
2016-10-17,"65+",8,2016,10,2016-10-01,"PCV13","65+"
2016-10-24,"15-44",1,2016,10,2016-10-01,"PCV13","2-64"
2016-10-24,"45-64",5,2016,10,2016-10-01,"PCV13","2-64"
2016-10-24,"65+",8,2016,10,2016-10-01,"PCV13","65+"
2016-10-31,"<2",1,2016,10,2016-10-01,"PCV13","<2"
2016-10-31,"15-44",2,2016,10,2016-10-01,"PCV13","2-64"
2016-10-31,"45-64",4,2016,10,2016-10-01,"PCV13","2-64"
2016-10-31,"65+",7,2016,10,2016-10-01,"PCV13","65+"
2016-11-07,"15-44",6,2016,11,2016-11-01,"PCV13","2-64"
2016-11-07,"45-64",3,2016,11,2016-11-01,"PCV13","2-64"
2016-11-07,"65+",4,2016,11,2016-11-01,"PCV13","65+"
2016-11-14,"45-64",5,2016,11,2016-11-01,"PCV13","2-64"
2016-11-14,"65+",5,2016,11,2016-11-01,"PCV13","65+"
2016-11-21,"15-44",4,2016,11,2016-11-01,"PCV13","2-64"
2016-11-21,"45-64",8,2016,11,2016-11-01,"PCV13","2-64"
2016-11-21,"65+",7,2016,11,2016-11-01,"PCV13","65+"
2016-11-28,"15-44",4,2016,11,2016-11-01,"PCV13","2-64"
2016-11-28,"45-64",7,2016,11,2016-11-01,"PCV13","2-64"
2016-11-28,"65+",8,2016,11,2016-11-01,"PCV13","65+"
2016-12-05,"<2",1,2016,12,2016-12-01,"PCV13","<2"
2016-12-05,"2-4",1,2016,12,2016-12-01,"PCV13","2-64"
2016-12-05,"5-14",1,2016,12,2016-12-01,"PCV13","2-64"
2016-12-05,"15-44",1,2016,12,2016-12-01,"PCV13","2-64"
2016-12-05,"45-64",13,2016,12,2016-12-01,"PCV13","2-64"
2016-12-05,"65+",11,2016,12,2016-12-01,"PCV13","65+"
2016-12-12,"<2",3,2016,12,2016-12-01,"PCV13","<2"
2016-12-12,"5-14",1,2016,12,2016-12-01,"PCV13","2-64"
2016-12-12,"15-44",4,2016,12,2016-12-01,"PCV13","2-64"
2016-12-12,"45-64",8,2016,12,2016-12-01,"PCV13","2-64"
2016-12-12,"65+",10,2016,12,2016-12-01,"PCV13","65+"
2016-12-19,"<2",1,2016,12,2016-12-01,"PCV13","<2"
2016-12-19,"15-44",6,2016,12,2016-12-01,"PCV13","2-64"
2016-12-19,"45-64",10,2016,12,2016-12-01,"PCV13","2-64"
2016-12-19,"65+",8,2016,12,2016-12-01,"PCV13","65+"
2016-12-26,"15-44",6,2016,12,2016-12-01,"PCV13","2-64"
2016-12-26,"45-64",16,2016,12,2016-12-01,"PCV13","2-64"
2016-12-26,"65+",18,2016,12,2016-12-01,"PCV13","65+"
2017-01-02,"<2",1,2017,1,2017-01-01,"PCV13","<2"
2017-01-02,"15-44",6,2017,1,2017-01-01,"PCV13","2-64"
2017-01-02,"45-64",6,2017,1,2017-01-01,"PCV13","2-64"
2017-01-02,"65+",8,2017,1,2017-01-01,"PCV13","65+"
2017-01-09,"15-44",5,2017,1,2017-01-01,"PCV13","2-64"
2017-01-09,"45-64",10,2017,1,2017-01-01,"PCV13","2-64"
2017-01-09,"65+",6,2017,1,2017-01-01,"PCV13","65+"
2017-01-16,"15-44",5,2017,1,2017-01-01,"PCV13","2-64"
2017-01-16,"45-64",5,2017,1,2017-01-01,"PCV13","2-64"
2017-01-16,"65+",5,2017,1,2017-01-01,"PCV13","65+"
2017-01-23,"<2",1,2017,1,2017-01-01,"PCV13","<2"
2017-01-23,"5-14",1,2017,1,2017-01-01,"PCV13","2-64"
2017-01-23,"15-44",7,2017,1,2017-01-01,"PCV13","2-64"
2017-01-23,"45-64",13,2017,1,2017-01-01,"PCV13","2-64"
2017-01-23,"65+",9,2017,1,2017-01-01,"PCV13","65+"
2017-01-30,"15-44",7,2017,1,2017-01-01,"PCV13","2-64"
2017-01-30,"45-64",7,2017,1,2017-01-01,"PCV13","2-64"
2017-01-30,"65+",9,2017,1,2017-01-01,"PCV13","65+"
2017-02-06,"<2",1,2017,2,2017-02-01,"PCV13","<2"
2017-02-06,"15-44",8,2017,2,2017-02-01,"PCV13","2-64"
2017-02-06,"45-64",12,2017,2,2017-02-01,"PCV13","2-64"
2017-02-06,"65+",3,2017,2,2017-02-01,"PCV13","65+"
2017-02-13,"15-44",4,2017,2,2017-02-01,"PCV13","2-64"
2017-02-13,"45-64",4,2017,2,2017-02-01,"PCV13","2-64"
2017-02-13,"65+",10,2017,2,2017-02-01,"PCV13","65+"
2017-02-20,"2-4",1,2017,2,2017-02-01,"PCV13","2-64"
2017-02-20,"5-14",1,2017,2,2017-02-01,"PCV13","2-64"
2017-02-20,"15-44",2,2017,2,2017-02-01,"PCV13","2-64"
2017-02-20,"45-64",12,2017,2,2017-02-01,"PCV13","2-64"
2017-02-20,"65+",5,2017,2,2017-02-01,"PCV13","65+"
2017-02-27,"<2",1,2017,2,2017-02-01,"PCV13","<2"
2017-02-27,"5-14",1,2017,2,2017-02-01,"PCV13","2-64"
2017-02-27,"15-44",1,2017,2,2017-02-01,"PCV13","2-64"
2017-02-27,"45-64",8,2017,2,2017-02-01,"PCV13","2-64"
2017-02-27,"65+",7,2017,2,2017-02-01,"PCV13","65+"
2017-03-06,"<2",1,2017,3,2017-03-01,"PCV13","<2"
2017-03-06,"45-64",10,2017,3,2017-03-01,"PCV13","2-64"
2017-03-06,"65+",5,2017,3,2017-03-01,"PCV13","65+"
2017-03-13,"2-4",1,2017,3,2017-03-01,"PCV13","2-64"
2017-03-13,"15-44",5,2017,3,2017-03-01,"PCV13","2-64"
2017-03-13,"45-64",3,2017,3,2017-03-01,"PCV13","2-64"
2017-03-13,"65+",2,2017,3,2017-03-01,"PCV13","65+"
2017-03-20,"15-44",1,2017,3,2017-03-01,"PCV13","2-64"
2017-03-20,"45-64",4,2017,3,2017-03-01,"PCV13","2-64"
2017-03-20,"65+",4,2017,3,2017-03-01,"PCV13","65+"
2017-03-27,"<2",2,2017,3,2017-03-01,"PCV13","<2"
2017-03-27,"2-4",1,2017,3,2017-03-01,"PCV13","2-64"
2017-03-27,"15-44",5,2017,3,2017-03-01,"PCV13","2-64"
2017-03-27,"45-64",5,2017,3,2017-03-01,"PCV13","2-64"
2017-03-27,"65+",6,2017,3,2017-03-01,"PCV13","65+"
2017-04-03,"2-4",1,2017,4,2017-04-01,"PCV13","2-64"
2017-04-03,"15-44",3,2017,4,2017-04-01,"PCV13","2-64"
2017-04-03,"45-64",5,2017,4,2017-04-01,"PCV13","2-64"
2017-04-03,"65+",8,2017,4,2017-04-01,"PCV13","65+"
2017-04-10,"<2",1,2017,4,2017-04-01,"PCV13","<2"
2017-04-10,"2-4",1,2017,4,2017-04-01,"PCV13","2-64"
2017-04-10,"5-14",1,2017,4,2017-04-01,"PCV13","2-64"
2017-04-10,"15-44",6,2017,4,2017-04-01,"PCV13","2-64"
2017-04-10,"45-64",6,2017,4,2017-04-01,"PCV13","2-64"
2017-04-10,"65+",4,2017,4,2017-04-01,"PCV13","65+"
2017-04-17,"2-4",1,2017,4,2017-04-01,"PCV13","2-64"
2017-04-17,"15-44",4,2017,4,2017-04-01,"PCV13","2-64"
2017-04-17,"45-64",7,2017,4,2017-04-01,"PCV13","2-64"
2017-04-17,"65+",6,2017,4,2017-04-01,"PCV13","65+"
2017-04-24,"<2",3,2017,4,2017-04-01,"PCV13","<2"
2017-04-24,"45-64",5,2017,4,2017-04-01,"PCV13","2-64"
2017-04-24,"65+",5,2017,4,2017-04-01,"PCV13","65+"
2017-05-01,"65+",4,2017,5,2017-05-01,"PCV13","65+"
2017-05-08,"15-44",4,2017,5,2017-05-01,"PCV13","2-64"
2017-05-08,"45-64",2,2017,5,2017-05-01,"PCV13","2-64"
2017-05-08,"65+",2,2017,5,2017-05-01,"PCV13","65+"
2017-05-15,"<2",2,2017,5,2017-05-01,"PCV13","<2"
2017-05-15,"15-44",2,2017,5,2017-05-01,"PCV13","2-64"
2017-05-15,"45-64",5,2017,5,2017-05-01,"PCV13","2-64"
2017-05-15,"65+",4,2017,5,2017-05-01,"PCV13","65+"
2017-05-22,"15-44",3,2017,5,2017-05-01,"PCV13","2-64"
2017-05-22,"45-64",9,2017,5,2017-05-01,"PCV13","2-64"
2017-05-22,"65+",8,2017,5,2017-05-01,"PCV13","65+"
2017-05-29,"5-14",1,2017,5,2017-05-01,"PCV13","2-64"
2017-05-29,"15-44",2,2017,5,2017-05-01,"PCV13","2-64"
2017-05-29,"45-64",2,2017,5,2017-05-01,"PCV13","2-64"
2017-05-29,"65+",3,2017,5,2017-05-01,"PCV13","65+"
2017-06-05,"<2",1,2017,6,2017-06-01,"PCV13","<2"
2017-06-05,"15-44",1,2017,6,2017-06-01,"PCV13","2-64"
2017-06-05,"45-64",2,2017,6,2017-06-01,"PCV13","2-64"
2017-06-05,"65+",3,2017,6,2017-06-01,"PCV13","65+"
2017-06-12,"15-44",3,2017,6,2017-06-01,"PCV13","2-64"
2017-06-12,"45-64",1,2017,6,2017-06-01,"PCV13","2-64"
2017-06-12,"65+",7,2017,6,2017-06-01,"PCV13","65+"
2017-06-19,"5-14",1,2017,6,2017-06-01,"PCV13","2-64"
2017-06-19,"15-44",1,2017,6,2017-06-01,"PCV13","2-64"
2017-06-19,"45-64",3,2017,6,2017-06-01,"PCV13","2-64"
2017-06-19,"65+",2,2017,6,2017-06-01,"PCV13","65+"
2017-06-26,"2-4",1,2017,6,2017-06-01,"PCV13","2-64"
2017-06-26,"15-44",2,2017,6,2017-06-01,"PCV13","2-64"
2017-06-26,"45-64",4,2017,6,2017-06-01,"PCV13","2-64"
2017-06-26,"65+",3,2017,6,2017-06-01,"PCV13","65+"
